so,ten,khi_thieu,khi_co,khi_nhieu
1,Cái tôi,Khó nói ra điều mình muốn. Bạn hay nhường cho yên chuyện rồi về nhà mới thấy ấm ức.,"Bạn nói được ý mình khi cần, không gắt mà cũng không nhịn.",Cái tôi mạnh và thích tự quyết. Hợp cầm trịch hơn là nhận việc từ người khác.
2,Trực giác,Bạn ít để ý cảm xúc người đối diện nên có khi nói thẳng quá mà không hay biết.,Bạn đọc được không khí trong phòng và biết lúc nào thì nên im.,Nhạy tới mức mệt người. Tâm trạng của người xung quanh cứ thấm hết vào bạn.
3,Chữ nghĩa,Bạn diễn đạt bằng việc làm dễ hơn bằng lời.,"Đầu óc sáng, học nhanh, kể chuyện có duyên.",Nghĩ quá nhiều. Một chuyện nhỏ bạn dựng thành mười tình huống trong đầu.
4,Tay nghề,Việc tỉ mỉ lặp đi lặp lại làm bạn nản khá nhanh.,"Bạn làm có đầu có đuôi, giao gì cũng yên tâm.","Cày khoẻ, nhưng coi chừng biến mình thành người chỉ còn biết làm."
5,Cảm xúc,"Bạn giấu cảm xúc kỹ, kể cả với người thân trong nhà.",Vui buồn rõ ràng và bạn nói ra được.,Cảm xúc lên xuống mạnh. Yêu ghét gì cũng hết mình.
6,Trách nhiệm,"Bạn ngại gánh phần của người khác, thích ai lo việc nấy.",Bạn lo được cho người quanh mình mà không thấy nặng.,Ôm hết vào người rồi tự thấy chẳng ai hiểu cho mình.
7,Vốn sống,"Đường bạn đi tương đối phẳng, chưa gặp cú vấp nào đủ lớn để nhớ đời.",Bạn rút được bài học từ chuyện đã qua thay vì nhắc lại nó.,"Bạn đi qua nhiều chuyện không dễ kể. Vốn sống dày, và cái giá cũng trả rồi."
8,Tiền bạc,Sổ sách và con số chưa bao giờ là chỗ mạnh của bạn.,"Bạn tính toán rõ ràng, thu chi có kiểm soát.","Giỏi xoay tiền và bày việc, nhưng dễ lấy tiền làm thước đo cho mọi thứ."
9,Lòng với người,"Bạn thực tế, ít bị cuốn theo những chuyện lý tưởng xa vời.",Bạn để tâm tới những chuyện lớn hơn bản thân mình.,Giàu lòng trắc ẩn tới mức hay quên mất chính mình.
