ma,ten,ten_en,tu_ngay,den_ngay,nguyen_to,tinh_chat,tinh_cach,diem_manh,diem_yeu
aries,Bạch Dương,Aries,21/3,19/4,Hoả,Khởi đầu,"Bạn nghĩ tới đâu làm tới đó, và thường là người khởi động mọi chuyện trong nhóm. Nhiệt tình của bạn lây sang người khác rất nhanh, nhưng cũng nguội nhanh nếu việc kéo dài quá.","Dũng cảm, thẳng thắn, dám làm trước khi thấy đủ điều kiện, không để bụng lâu.","Nóng tính, thiếu kiên nhẫn, hay bỏ dở, đôi khi không để ý người khác nghĩ gì."
taurus,Kim Ngưu,Taurus,20/4,20/5,Thổ,Ổn định,"Bạn thích mọi thứ chắc chắn và không ưa bị giục. Bạn xây dựng chậm nhưng thứ bạn có thường giữ được lâu, cả về của cải lẫn quan hệ.","Bền bỉ, đáng tin, thực tế, biết tận hưởng và biết vun vén.","Bảo thủ, ngại đổi, cố chấp khi đã quyết, đôi khi quá coi trọng vật chất."
gemini,Song Tử,Gemini,21/5,20/6,Khí,Linh hoạt,Đầu bạn lúc nào cũng chạy và bạn cần cái mới để không thấy chán. Bạn nói chuyện hợp với nhiều kiểu người vì bạn thật sự tò mò về họ.,"Nhanh nhạy, hoạt ngôn, học nhanh, thích nghi tốt với thay đổi.","Hay đổi ý, khó tập trung lâu, dễ hứa rồi quên, đôi khi nông."
cancer,Cự Giải,Cancer,21/6,22/7,Thuỷ,Khởi đầu,"Bạn để ý tới cảm xúc của người khác trước khi họ kịp nói. Gia đình và vài người thân thiết là trung tâm đời bạn, và bạn bảo vệ họ rất kỹ.","Ấm áp, tận tuỵ, nhớ dai những điều tử tế, chăm sóc người khác rất khéo.","Dễ tủi thân, hay giữ trong lòng, bám víu quá khứ, tâm trạng lên xuống."
leo,Sư Tử,Leo,23/7,22/8,Hoả,Ổn định,"Bạn có mặt ở đâu là người ta để ý ở đó, và bạn cũng thích như vậy. Bạn hào phóng với người mình quý, và rất khó chịu khi bị coi thường.","Tự tin, rộng rãi, trung thành, dám đứng ra chịu trách nhiệm.","Sĩ diện, cần được khen, dễ tự ái, đôi khi lấn át người khác."
virgo,Xử Nữ,Virgo,23/8,22/9,Thổ,Linh hoạt,"Bạn nhìn ra chi tiết mà người khác bỏ qua, và bạn khó chịu khi thấy thứ gì đó làm ẩu. Bạn giúp người khác bằng việc làm chứ ít khi bằng lời.","Tỉ mỉ, có trách nhiệm, phân tích tốt, làm gì cũng tới nơi tới chốn.","Hay soi, khó hài lòng, lo lắng quá mức, khắt khe với chính mình."
libra,Thiên Bình,Libra,23/9,22/10,Khí,Khởi đầu,"Bạn ghét không khí căng thẳng và thường là người dàn xếp. Bạn nhìn được cả hai phía của một câu chuyện, nên đôi khi khó chọn phía nào.","Công bằng, dễ chịu, biết cách cư xử, giỏi hoà giải.","Khó quyết, hay chiều lòng người, né tránh va chạm, dễ bị lung lay."
scorpio,Bọ Cạp,Scorpio,23/10,21/11,Thuỷ,Ổn định,Bạn ít nói về mình nhưng nhìn thấu người khác rất nhanh. Khi đã dốc lòng vào ai hay việc gì thì bạn dốc tới cùng.,"Sâu sắc, ý chí mạnh, trung thành tuyệt đối, không sợ chuyện khó.","Đa nghi, để bụng lâu, kiểm soát, khó tha thứ khi bị phản bội."
sagittarius,Nhân Mã,Sagittarius,22/11,21/12,Hoả,Linh hoạt,"Bạn cần không gian để thở và ghét bị bó buộc. Bạn thích đi, thích học thứ mới, và nói chuyện rất thẳng dù đôi khi hơi vô ý.","Lạc quan, phóng khoáng, ham hiểu biết, thật thà tới mức thẳng đuột.","Thiếu kiên nhẫn, hứa dễ quên, nói không nghĩ, ngại cam kết dài."
capricorn,Ma Kết,Capricorn,22/12,19/1,Thổ,Khởi đầu,"Bạn đặt mục tiêu rồi đi tới đó, không ồn ào và không tắt giữa chừng. Bạn trưởng thành sớm hơn bạn bè cùng tuổi và tự đòi hỏi mình rất cao.","Kỷ luật, kiên trì, có trách nhiệm, nhìn được đường dài.","Khô khan, ôm việc, khó thả lỏng, hay tự trách mình quá nặng."
aquarius,Bảo Bình,Aquarius,20/1,18/2,Khí,Ổn định,"Bạn nghĩ khác đám đông và không thấy đó là vấn đề. Bạn quan tâm tới những chuyện lớn hơn phần mình, nhưng lại hơi xa cách trong quan hệ gần.","Độc lập, cởi mở, nhiều ý tưởng lạ, không phân biệt đối xử.","Bướng, xa cách về cảm xúc, khó gần, đôi khi cố tình khác người."
pisces,Song Ngư,Pisces,19/2,20/3,Thuỷ,Linh hoạt,"Bạn cảm nhận được tâm trạng người khác gần như ngay lập tức. Bạn giàu tưởng tượng và dễ mềm lòng, nên hay nhận phần thiệt về mình.","Đồng cảm, giàu tưởng tượng, dịu dàng, sẵn lòng vì người khác.","Cả nể, dễ bị lợi dụng, hay trốn vào thế giới riêng, thiếu dứt khoát."
