cung_a,cung_b,ten_a,ten_b,diem,loi_binh
aries,aries,Bạch Dương,Bạch Dương,4,"Cùng nguyên tố nên rất hiểu nhau, nhưng cũng dễ mắc chung một lỗi. Cần một người chịu lùi khi cả hai cùng cứng."
aries,taurus,Bạch Dương,Kim Ngưu,2,"Hai nhịp sống khác nhau, dễ hiểu lầm nhau ở những chuyện nhỏ. Bù lại, người này có thứ người kia thiếu."
aries,gemini,Bạch Dương,Song Tử,5,"Hai người ăn ý gần như tự nhiên. Cùng nhịp sống, cùng cách nhìn, ít phải giải thích cho nhau."
aries,cancer,Bạch Dương,Cự Giải,2,"Hai nhịp sống khác nhau, dễ hiểu lầm nhau ở những chuyện nhỏ. Bù lại, người này có thứ người kia thiếu."
aries,leo,Bạch Dương,Sư Tử,5,"Hai người ăn ý gần như tự nhiên. Cùng nhịp sống, cùng cách nhìn, ít phải giải thích cho nhau."
aries,virgo,Bạch Dương,Xử Nữ,2,"Hai nhịp sống khác nhau, dễ hiểu lầm nhau ở những chuyện nhỏ. Bù lại, người này có thứ người kia thiếu."
aries,libra,Bạch Dương,Thiên Bình,5,"Hai người ăn ý gần như tự nhiên. Cùng nhịp sống, cùng cách nhìn, ít phải giải thích cho nhau."
aries,scorpio,Bạch Dương,Bọ Cạp,2,"Hai nhịp sống khác nhau, dễ hiểu lầm nhau ở những chuyện nhỏ. Bù lại, người này có thứ người kia thiếu."
aries,sagittarius,Bạch Dương,Nhân Mã,5,"Hai người ăn ý gần như tự nhiên. Cùng nhịp sống, cùng cách nhìn, ít phải giải thích cho nhau."
aries,capricorn,Bạch Dương,Ma Kết,2,"Hai nhịp sống khác nhau, dễ hiểu lầm nhau ở những chuyện nhỏ. Bù lại, người này có thứ người kia thiếu."
aries,aquarius,Bạch Dương,Bảo Bình,5,"Hai người ăn ý gần như tự nhiên. Cùng nhịp sống, cùng cách nhìn, ít phải giải thích cho nhau."
aries,pisces,Bạch Dương,Song Ngư,2,"Hai nhịp sống khác nhau, dễ hiểu lầm nhau ở những chuyện nhỏ. Bù lại, người này có thứ người kia thiếu."
taurus,taurus,Kim Ngưu,Kim Ngưu,4,"Cùng nguyên tố nên rất hiểu nhau, nhưng cũng dễ mắc chung một lỗi. Cần một người chịu lùi khi cả hai cùng cứng."
taurus,gemini,Kim Ngưu,Song Tử,2,"Hai nhịp sống khác nhau, dễ hiểu lầm nhau ở những chuyện nhỏ. Bù lại, người này có thứ người kia thiếu."
taurus,cancer,Kim Ngưu,Cự Giải,5,"Hai người ăn ý gần như tự nhiên. Cùng nhịp sống, cùng cách nhìn, ít phải giải thích cho nhau."
taurus,leo,Kim Ngưu,Sư Tử,2,"Hai nhịp sống khác nhau, dễ hiểu lầm nhau ở những chuyện nhỏ. Bù lại, người này có thứ người kia thiếu."
taurus,virgo,Kim Ngưu,Xử Nữ,5,"Hai người ăn ý gần như tự nhiên. Cùng nhịp sống, cùng cách nhìn, ít phải giải thích cho nhau."
taurus,libra,Kim Ngưu,Thiên Bình,2,"Hai nhịp sống khác nhau, dễ hiểu lầm nhau ở những chuyện nhỏ. Bù lại, người này có thứ người kia thiếu."
taurus,scorpio,Kim Ngưu,Bọ Cạp,5,"Hai người ăn ý gần như tự nhiên. Cùng nhịp sống, cùng cách nhìn, ít phải giải thích cho nhau."
taurus,sagittarius,Kim Ngưu,Nhân Mã,2,"Hai nhịp sống khác nhau, dễ hiểu lầm nhau ở những chuyện nhỏ. Bù lại, người này có thứ người kia thiếu."
taurus,capricorn,Kim Ngưu,Ma Kết,5,"Hai người ăn ý gần như tự nhiên. Cùng nhịp sống, cùng cách nhìn, ít phải giải thích cho nhau."
taurus,aquarius,Kim Ngưu,Bảo Bình,2,"Hai nhịp sống khác nhau, dễ hiểu lầm nhau ở những chuyện nhỏ. Bù lại, người này có thứ người kia thiếu."
taurus,pisces,Kim Ngưu,Song Ngư,5,"Hai người ăn ý gần như tự nhiên. Cùng nhịp sống, cùng cách nhìn, ít phải giải thích cho nhau."
gemini,gemini,Song Tử,Song Tử,4,"Cùng nguyên tố nên rất hiểu nhau, nhưng cũng dễ mắc chung một lỗi. Cần một người chịu lùi khi cả hai cùng cứng."
gemini,cancer,Song Tử,Cự Giải,3,Khác nhau vừa đủ để thú vị. Đi được đường dài nếu chịu nói rõ điều mình cần.
gemini,leo,Song Tử,Sư Tử,5,"Hai người ăn ý gần như tự nhiên. Cùng nhịp sống, cùng cách nhìn, ít phải giải thích cho nhau."
gemini,virgo,Song Tử,Xử Nữ,2,"Hai nhịp sống khác nhau, dễ hiểu lầm nhau ở những chuyện nhỏ. Bù lại, người này có thứ người kia thiếu."
gemini,libra,Song Tử,Thiên Bình,5,"Hai người ăn ý gần như tự nhiên. Cùng nhịp sống, cùng cách nhìn, ít phải giải thích cho nhau."
gemini,scorpio,Song Tử,Bọ Cạp,3,Khác nhau vừa đủ để thú vị. Đi được đường dài nếu chịu nói rõ điều mình cần.
gemini,sagittarius,Song Tử,Nhân Mã,5,"Hai người ăn ý gần như tự nhiên. Cùng nhịp sống, cùng cách nhìn, ít phải giải thích cho nhau."
gemini,capricorn,Song Tử,Ma Kết,2,"Hai nhịp sống khác nhau, dễ hiểu lầm nhau ở những chuyện nhỏ. Bù lại, người này có thứ người kia thiếu."
gemini,aquarius,Song Tử,Bảo Bình,5,"Hai người ăn ý gần như tự nhiên. Cùng nhịp sống, cùng cách nhìn, ít phải giải thích cho nhau."
gemini,pisces,Song Tử,Song Ngư,3,Khác nhau vừa đủ để thú vị. Đi được đường dài nếu chịu nói rõ điều mình cần.
cancer,cancer,Cự Giải,Cự Giải,4,"Cùng nguyên tố nên rất hiểu nhau, nhưng cũng dễ mắc chung một lỗi. Cần một người chịu lùi khi cả hai cùng cứng."
cancer,leo,Cự Giải,Sư Tử,2,"Hai nhịp sống khác nhau, dễ hiểu lầm nhau ở những chuyện nhỏ. Bù lại, người này có thứ người kia thiếu."
cancer,virgo,Cự Giải,Xử Nữ,5,"Hai người ăn ý gần như tự nhiên. Cùng nhịp sống, cùng cách nhìn, ít phải giải thích cho nhau."
cancer,libra,Cự Giải,Thiên Bình,3,Khác nhau vừa đủ để thú vị. Đi được đường dài nếu chịu nói rõ điều mình cần.
cancer,scorpio,Cự Giải,Bọ Cạp,5,"Hai người ăn ý gần như tự nhiên. Cùng nhịp sống, cùng cách nhìn, ít phải giải thích cho nhau."
cancer,sagittarius,Cự Giải,Nhân Mã,2,"Hai nhịp sống khác nhau, dễ hiểu lầm nhau ở những chuyện nhỏ. Bù lại, người này có thứ người kia thiếu."
cancer,capricorn,Cự Giải,Ma Kết,5,"Hai người ăn ý gần như tự nhiên. Cùng nhịp sống, cùng cách nhìn, ít phải giải thích cho nhau."
cancer,aquarius,Cự Giải,Bảo Bình,3,Khác nhau vừa đủ để thú vị. Đi được đường dài nếu chịu nói rõ điều mình cần.
cancer,pisces,Cự Giải,Song Ngư,5,"Hai người ăn ý gần như tự nhiên. Cùng nhịp sống, cùng cách nhìn, ít phải giải thích cho nhau."
leo,leo,Sư Tử,Sư Tử,4,"Cùng nguyên tố nên rất hiểu nhau, nhưng cũng dễ mắc chung một lỗi. Cần một người chịu lùi khi cả hai cùng cứng."
leo,virgo,Sư Tử,Xử Nữ,2,"Hai nhịp sống khác nhau, dễ hiểu lầm nhau ở những chuyện nhỏ. Bù lại, người này có thứ người kia thiếu."
leo,libra,Sư Tử,Thiên Bình,5,"Hai người ăn ý gần như tự nhiên. Cùng nhịp sống, cùng cách nhìn, ít phải giải thích cho nhau."
leo,scorpio,Sư Tử,Bọ Cạp,2,"Hai nhịp sống khác nhau, dễ hiểu lầm nhau ở những chuyện nhỏ. Bù lại, người này có thứ người kia thiếu."
leo,sagittarius,Sư Tử,Nhân Mã,5,"Hai người ăn ý gần như tự nhiên. Cùng nhịp sống, cùng cách nhìn, ít phải giải thích cho nhau."
leo,capricorn,Sư Tử,Ma Kết,2,"Hai nhịp sống khác nhau, dễ hiểu lầm nhau ở những chuyện nhỏ. Bù lại, người này có thứ người kia thiếu."
leo,aquarius,Sư Tử,Bảo Bình,5,"Hai người ăn ý gần như tự nhiên. Cùng nhịp sống, cùng cách nhìn, ít phải giải thích cho nhau."
leo,pisces,Sư Tử,Song Ngư,2,"Hai nhịp sống khác nhau, dễ hiểu lầm nhau ở những chuyện nhỏ. Bù lại, người này có thứ người kia thiếu."
virgo,virgo,Xử Nữ,Xử Nữ,4,"Cùng nguyên tố nên rất hiểu nhau, nhưng cũng dễ mắc chung một lỗi. Cần một người chịu lùi khi cả hai cùng cứng."
virgo,libra,Xử Nữ,Thiên Bình,2,"Hai nhịp sống khác nhau, dễ hiểu lầm nhau ở những chuyện nhỏ. Bù lại, người này có thứ người kia thiếu."
virgo,scorpio,Xử Nữ,Bọ Cạp,5,"Hai người ăn ý gần như tự nhiên. Cùng nhịp sống, cùng cách nhìn, ít phải giải thích cho nhau."
virgo,sagittarius,Xử Nữ,Nhân Mã,2,"Hai nhịp sống khác nhau, dễ hiểu lầm nhau ở những chuyện nhỏ. Bù lại, người này có thứ người kia thiếu."
virgo,capricorn,Xử Nữ,Ma Kết,5,"Hai người ăn ý gần như tự nhiên. Cùng nhịp sống, cùng cách nhìn, ít phải giải thích cho nhau."
virgo,aquarius,Xử Nữ,Bảo Bình,2,"Hai nhịp sống khác nhau, dễ hiểu lầm nhau ở những chuyện nhỏ. Bù lại, người này có thứ người kia thiếu."
virgo,pisces,Xử Nữ,Song Ngư,5,"Hai người ăn ý gần như tự nhiên. Cùng nhịp sống, cùng cách nhìn, ít phải giải thích cho nhau."
libra,libra,Thiên Bình,Thiên Bình,4,"Cùng nguyên tố nên rất hiểu nhau, nhưng cũng dễ mắc chung một lỗi. Cần một người chịu lùi khi cả hai cùng cứng."
libra,scorpio,Thiên Bình,Bọ Cạp,3,Khác nhau vừa đủ để thú vị. Đi được đường dài nếu chịu nói rõ điều mình cần.
libra,sagittarius,Thiên Bình,Nhân Mã,5,"Hai người ăn ý gần như tự nhiên. Cùng nhịp sống, cùng cách nhìn, ít phải giải thích cho nhau."
libra,capricorn,Thiên Bình,Ma Kết,2,"Hai nhịp sống khác nhau, dễ hiểu lầm nhau ở những chuyện nhỏ. Bù lại, người này có thứ người kia thiếu."
libra,aquarius,Thiên Bình,Bảo Bình,5,"Hai người ăn ý gần như tự nhiên. Cùng nhịp sống, cùng cách nhìn, ít phải giải thích cho nhau."
libra,pisces,Thiên Bình,Song Ngư,3,Khác nhau vừa đủ để thú vị. Đi được đường dài nếu chịu nói rõ điều mình cần.
scorpio,scorpio,Bọ Cạp,Bọ Cạp,4,"Cùng nguyên tố nên rất hiểu nhau, nhưng cũng dễ mắc chung một lỗi. Cần một người chịu lùi khi cả hai cùng cứng."
scorpio,sagittarius,Bọ Cạp,Nhân Mã,2,"Hai nhịp sống khác nhau, dễ hiểu lầm nhau ở những chuyện nhỏ. Bù lại, người này có thứ người kia thiếu."
scorpio,capricorn,Bọ Cạp,Ma Kết,5,"Hai người ăn ý gần như tự nhiên. Cùng nhịp sống, cùng cách nhìn, ít phải giải thích cho nhau."
scorpio,aquarius,Bọ Cạp,Bảo Bình,3,Khác nhau vừa đủ để thú vị. Đi được đường dài nếu chịu nói rõ điều mình cần.
scorpio,pisces,Bọ Cạp,Song Ngư,5,"Hai người ăn ý gần như tự nhiên. Cùng nhịp sống, cùng cách nhìn, ít phải giải thích cho nhau."
sagittarius,sagittarius,Nhân Mã,Nhân Mã,4,"Cùng nguyên tố nên rất hiểu nhau, nhưng cũng dễ mắc chung một lỗi. Cần một người chịu lùi khi cả hai cùng cứng."
sagittarius,capricorn,Nhân Mã,Ma Kết,2,"Hai nhịp sống khác nhau, dễ hiểu lầm nhau ở những chuyện nhỏ. Bù lại, người này có thứ người kia thiếu."
sagittarius,aquarius,Nhân Mã,Bảo Bình,5,"Hai người ăn ý gần như tự nhiên. Cùng nhịp sống, cùng cách nhìn, ít phải giải thích cho nhau."
sagittarius,pisces,Nhân Mã,Song Ngư,2,"Hai nhịp sống khác nhau, dễ hiểu lầm nhau ở những chuyện nhỏ. Bù lại, người này có thứ người kia thiếu."
capricorn,capricorn,Ma Kết,Ma Kết,4,"Cùng nguyên tố nên rất hiểu nhau, nhưng cũng dễ mắc chung một lỗi. Cần một người chịu lùi khi cả hai cùng cứng."
capricorn,aquarius,Ma Kết,Bảo Bình,2,"Hai nhịp sống khác nhau, dễ hiểu lầm nhau ở những chuyện nhỏ. Bù lại, người này có thứ người kia thiếu."
capricorn,pisces,Ma Kết,Song Ngư,5,"Hai người ăn ý gần như tự nhiên. Cùng nhịp sống, cùng cách nhìn, ít phải giải thích cho nhau."
aquarius,aquarius,Bảo Bình,Bảo Bình,4,"Cùng nguyên tố nên rất hiểu nhau, nhưng cũng dễ mắc chung một lỗi. Cần một người chịu lùi khi cả hai cùng cứng."
aquarius,pisces,Bảo Bình,Song Ngư,3,Khác nhau vừa đủ để thú vị. Đi được đường dài nếu chịu nói rõ điều mình cần.
pisces,pisces,Song Ngư,Song Ngư,4,"Cùng nguyên tố nên rất hiểu nhau, nhưng cũng dễ mắc chung một lỗi. Cần một người chịu lùi khi cả hai cùng cứng."
