ma,cac_so,loai,ten,y_nghia,loi_khuyen
day-1-5-9,1-5-9,day,Quyết tâm,"Nhắm vào thứ gì rồi thì khó ai làm bạn đổi ý. Bạn theo tới cùng kể cả lúc người xung quanh đã bỏ, và phần lớn việc khó trong đời bạn giải quyết được nhờ đúng tính này. Chỗ phải để ý là có lúc bạn giữ một hướng đi quá lâu dù nó đã hết hợp.","Vài tháng một lần, tự hỏi thứ mình đang bám có còn đáng bám không."
day-3-5-7,3-5-7,day,Tâm linh,"Bạn cảm được những thứ chưa ai nói ra, và hay quan tâm tới ý nghĩa phía sau sự việc hơn bản thân sự việc. Người có dãy này thường tìm tới thiền, tôn giáo, hoặc đơn giản là những quãng ngồi một mình cho yên. Mặt trái của nó là chìm vào bên trong rồi quên mất chuyện phải sống.",Giữ một việc tay chân đều đặn để kéo mình về mặt đất.
day-3-6-9,3-6-9,day,Trí tuệ,"Đầu óc chạy nhanh và nhớ lâu. Bạn học thứ mới không mất nhiều công, thường hiểu vấn đề trước khi người ta giải thích xong. Chỗ dễ vướng là nghĩ nhiều hơn làm, và hay mất kiên nhẫn với người chậm hơn mình.",Biết rồi thì bắt tay vào. Hiểu không thay được làm.
day-2-5-8,2-5-8,day,Cân bằng,"Bạn giữ được mình lúc chuyện rối. Người khác tìm tới bạn khi họ hoảng, vì bạn không hoảng theo, và bạn thường là chỗ dựa trong nhà mà không ai nói ra. Chỗ cần coi chừng là bình tĩnh tới mức người ta tưởng bạn dửng dưng.",Thỉnh thoảng cho người thân thấy bạn cũng có lúc không ổn.
day-1-4-7,1-4-7,day,Thực tế,"Bạn thích thứ sờ được, đo được, làm xong nhìn thấy kết quả. Tay nghề và kỷ luật là chỗ mạnh, và bạn thường làm tốt những việc người khác thấy khô khan. Chỗ dễ hẹp là coi nhẹ thứ chưa chứng minh được, kể cả khi chúng đúng.",Cho vài thứ chưa đo được một cơ hội. Không mất gì.
day-1-2-3,1-2-3,day,Kế hoạch,"Bạn sắp xếp xong trong đầu trước khi bắt tay vào. Giao cho bạn một mớ lộn xộn thì vài hôm sau nó có thứ tự, và bạn nhìn ra chỗ hổng của một kế hoạch khá nhanh. Chỗ dễ căng là bạn khó chịu ra mặt khi người khác phá nhịp.",Chừa sẵn một phương án hai. Đời ít khi chạy đúng bản vẽ.
day-4-5-6,4-5-6,day,Ý chí,"Bạn bền. Việc khó tới mấy cũng cứ làm từng chút một cho tới khi xong, và bạn chịu được áp lực lâu hơn phần đông người. Chỗ hay hỏng là ôm quá sức mà không chịu kêu một tiếng.",Nhờ vả không làm bạn yếu đi. Gục mới làm bạn yếu đi.
day-7-8-9,7-8-9,day,Hành động,"Bạn làm trước sửa sau. Ngồi yên lâu là bứt rứt nên việc gì tới tay cũng xử lý ngay, và nhờ vậy bạn đi được xa hơn người cùng xuất phát. Chỗ hay mất là vội, và bỏ dở thứ đang làm để chạy sang thứ mới.",Làm xong một việc rồi hẵng mở việc tiếp theo.
trong-1-5-9,1-5-9,trong,Trì hoãn,"Bạn biết rõ việc cần làm mà cứ để đó. Không phải lười, bạn làm rất tốt khi đã bắt đầu, nhưng tự khởi động thì khó nếu không có ai thúc sau lưng.",Hẹn hạn chót với một người khác. Hẹn với mình thì dễ dời.
trong-3-5-7,3-5-7,trong,Hoài nghi,"Bạn cần bằng chứng mới tin. Ai nói gì cũng để đó xem đã, và chuyện nào không giải thích được thì bạn gạt sang bên. Tính này giữ bạn khỏi bị lừa, đổi lại bạn bỏ lỡ vài thứ chỉ hiểu được sau khi đã thử.","Thử trước, kết luận sau. Thứ tự đó cho bạn nhiều hơn."
trong-3-6-9,3-6-9,trong,Trí nhớ kém,"Quên tên người, quên việc vừa định làm, quên đồ để ở đâu. Chuyện này không dính gì tới thông minh, chỉ là đầu bạn không giữ chi tiết lâu.",Ghi ra ngay lúc vừa nghĩ tới. Một cuốn sổ nhỏ gỡ được gần hết.
trong-2-5-8,2-5-8,trong,Nhạy cảm,"Bạn để bụng lâu. Một câu nói qua loa của người khác làm bạn nghĩ cả tuần, và bạn hay đoán ra ý xấu ở chỗ người ta chẳng có ý gì.",Hỏi thẳng người đó. Câu trả lời thường nhẹ hơn bạn tưởng nhiều.
trong-1-4-7,1-4-7,trong,Lộn xộn,"Bàn bừa, giấy tờ không biết ở đâu, hẹn giờ hay trễ. Bạn vẫn làm được việc, chỉ là cách làm không theo một trật tự nào người ngoài nhìn ra được.","Chọn một chỗ cố định cho chìa khoá, ví, giấy tờ. Chỉ một chỗ thôi."
trong-1-2-3,1-2-3,trong,Thiếu chuẩn bị,"Bạn hay nhảy vào việc rồi mới tính. Nhiều lần may thì xong, nhưng cũng nhiều lần tới giữa đường mới phát hiện thiếu thứ đáng ra phải lo từ đầu.",Dành mười phút liệt kê thứ cần trước khi bắt đầu. Mười phút đó rẻ.
trong-4-5-6,4-5-6,trong,Bức bối,"Bạn muốn nhiều thứ cùng lúc và thấy không thứ nào chạy đủ nhanh. Cảm giác bị kẹt lại cứ quay về, rõ nhất là những lúc nhìn sang người khác.","Chọn một việc, làm cho xong, rồi mới nhìn sang việc kế."
trong-7-8-9,7-8-9,trong,Thụ động,"Bạn chờ đúng thời điểm, chờ đủ điều kiện, chờ người khác đi trước. Cân nhắc kỹ là chỗ hay của bạn, nhưng cơ hội thường không chờ lâu như vậy.","Làm bước nhỏ nhất ngay hôm nay, dù chưa thấy rõ đường."
