so,ten,tinh_cach,diem_manh,diem_yeu,loi_khuyen
1,Người dẫn đầu,"Bạn thuộc kiểu người muốn tự quyết chuyện của mình và khó chịu khi bị bảo phải làm gì. Ở đâu chưa có ai đứng ra, bạn thường là người bước lên.","Độc lập, dám quyết, không ngại đi trước khi chưa ai đi.","Cứng đầu, ngại nhờ vả, dễ thành ra làm một mình cho nhanh.",Việc lớn không ai làm một mình được. Tập giao bớt cho người khác.
2,Người kết nối,Bạn nhạy với không khí xung quanh và thường là người làm dịu mọi chuyện. Hợp tác với bạn dễ chịu vì bạn biết lắng nghe thật.,"Tinh tế, kiên nhẫn, giỏi hoà giải và giữ mối quan hệ.","Ngại va chạm nên hay nhịn, để bụng rồi mệt một mình.",Nói ra điều mình muốn. Người ta không đoán được đâu.
3,Người kể chuyện,"Bạn có khiếu diễn đạt và làm không khí quanh mình nhẹ đi. Ý tưởng đến với bạn nhanh, vấn đề là chọn cái nào để làm tới cùng.","Sáng tạo, hoạt ngôn, dễ gần, truyền được cảm hứng.","Cả thèm chóng chán, hay bỏ dở, tránh né chuyện nặng nề.","Chọn một việc và làm cho xong. Bạn thiếu sự bền, không thiếu tài."
4,Người xây nền,"Bạn tin vào thứ làm được chứ không tin vào lời hứa. Người khác dựa vào bạn vì bạn nói là làm, và làm tới nơi.","Kỷ luật, đáng tin, chịu khó, làm gì cũng chắc.","Cứng nhắc, khó đổi cách, hay lo xa tới mức tự làm khổ mình.",Không phải kế hoạch nào cũng chạy đúng. Chừa chỗ cho việc ngoài dự tính.
5,Người tự do,"Bạn cần sự thay đổi như người ta cần không khí. Chỗ nào gò bó quá là bạn tìm đường ra, dù chỗ đó đang yên ổn.","Linh hoạt, thích nghi nhanh, ham học cái mới, không sợ đổi.","Thiếu kiên nhẫn, khó cam kết lâu dài, dễ bỏ ngang.","Tự do thật sự là chọn ở lại vì mình muốn, không phải vì bị buộc."
6,Người chăm lo,Bạn để ý tới người khác trước khi để ý tới mình. Gia đình và những người thân cận luôn đứng đầu danh sách của bạn.,"Trách nhiệm, ấm áp, người khác thấy an toàn khi ở cạnh bạn.","Ôm việc của người khác, can thiệp quá sâu, quên mất bản thân.",Giúp người thì tốt. Nhưng đừng sống thay phần của họ.
7,Người tìm hiểu,"Bạn không tin điều gì chỉ vì ai đó nói vậy. Bạn cần hiểu tận gốc, và bạn cần khoảng riêng để nghĩ.","Sâu sắc, tinh ý, phân tích giỏi, không bị đám đông cuốn đi.","Xa cách, khó mở lòng, nghĩ nhiều tới mức chậm hành động.",Không phải chuyện gì cũng hiểu xong mới sống được.
8,Người cầm trịch,"Bạn nhìn ra cơ hội và biết cách biến nó thành kết quả cụ thể. Tiền bạc và quyền quyết định với bạn là công cụ, không phải mục đích.","Bản lĩnh, nhìn xa, tổ chức tốt, chịu được áp lực lớn.","Đặt nặng thành tích, dễ lấn át người khác, khó cho phép mình nghỉ.","Đo đời mình bằng nhiều thước hơn, đừng chỉ bằng kết quả."
9,Người bao dung,"Bạn nghĩ tới những thứ lớn hơn phần mình, và dễ động lòng trước chuyện của người khác. Có cái gì đó rộng rãi trong cách bạn sống.","Nhân hậu, nhìn được bức tranh lớn, sẵn lòng cho đi.","Cho nhiều rồi thấy hụt, khó buông chuyện cũ, hay lý tưởng hoá.",Muốn giúp được nhiều người thì trước hết đừng để mình cạn.
11,Số chủ 11 — Người truyền cảm hứng,"Đây là số chủ, mang năng lượng của số 2 nhưng mạnh hơn nhiều. Bạn nhạy cảm khác thường và thường khiến người khác thay đổi cách nghĩ mà không cần cố.","Trực giác rất tốt, có sức ảnh hưởng, nhìn thấy thứ người khác bỏ qua.","Áp lực nội tâm lớn, dễ lo lắng, cảm xúc lên xuống thất thường.","Sự nhạy cảm đó là năng lực, miễn là bạn học cách giữ mình không bị cuốn theo."
22,Số chủ 22 — Người kiến tạo,"Số mạnh nhất trong thần số học, mang chất của số 4 nhưng ở quy mô lớn. Bạn có khả năng biến một ý tưởng lớn thành thứ tồn tại thật.","Vừa nhìn xa vừa làm được, kiên trì với những việc nhiều năm mới xong.","Tự đặt kỳ vọng quá nặng, dễ kiệt sức, hay thấy mình chưa đủ.",Việc lớn cần thời gian dài. Đừng đòi hỏi mình xong mọi thứ trong một năm.
33,Số chủ 33 — Người thầy,"Số hiếm gặp nhất, mang chất của số 6 ở mức rộng hơn gia đình. Bạn có xu hướng dìu dắt và chữa lành cho người khác.","Tấm lòng lớn, kiên nhẫn, truyền được điều tử tế cho người xung quanh.","Gánh chuyện của người khác quá nhiều, quên hẳn nhu cầu của mình.",Người chăm sóc cũng cần có người chăm sóc. Đừng ngại nhận.
