so,ten,y_nghia,loi_khuyen
1,Đi con đường riêng,Cuộc đời đẩy bạn vào những chỗ phải tự quyết. Bạn học được nhiều nhất khi đứng ra chịu trách nhiệm thay vì đi theo người khác.,"Khi phân vân, hãy chọn hướng bạn tự chọn được, đừng chọn hướng an toàn nhất."
2,Làm cầu nối,"Vai trò của bạn thường là người ở giữa: nối hai bên lại, làm dịu chuyện căng, giữ cho nhóm không vỡ.",Giá trị của bạn nằm ở chỗ ít ai thấy. Đừng nghĩ rằng vậy là bạn không quan trọng.
3,Diễn đạt và lan toả,"Bạn được sinh ra để nói, viết, kể, hoặc bằng cách nào đó truyền ý tưởng của mình ra ngoài.",Đừng giữ ý tưởng trong đầu. Nó chỉ sống khi bạn đưa nó ra.
4,Dựng thứ bền,Con đường của bạn là xây từng viên một. Ít hào nhoáng nhưng những gì bạn dựng thường trụ được lâu.,Đừng sốt ruột khi người khác đi nhanh hơn. Họ chưa chắc đi xa hơn.
5,Trải nghiệm và đổi thay,"Đời bạn sẽ có nhiều khúc quanh, nhiều nơi, nhiều nghề. Bạn học qua việc sống chứ không qua sách vở.","Thay đổi nhiều không sao, miễn là mỗi lần đổi bạn có mang theo thứ gì đó."
6,Gánh vác và chăm lo,Bạn thường là chỗ dựa của gia đình hoặc của một nhóm người. Trách nhiệm tìm đến bạn sớm hơn người khác.,"Nhận trách nhiệm thì nhận, nhưng nhớ hỏi xem đó có phải phần của mình không."
7,Tìm hiểu tới tận cùng,"Bạn hợp với những việc cần đào sâu: nghiên cứu, chuyên môn hẹp, hoặc những câu hỏi lớn về đời sống.","Biết nhiều rồi thì nhớ quay lại sống với người khác, đừng ở lì trong đầu mình."
8,Làm chủ nguồn lực,"Con đường của bạn dính tới tiền bạc, tổ chức và quyền quyết định. Bạn học cách dùng nguồn lực sao cho đúng.",Kiếm được là một chuyện. Dùng nó vào đâu mới là chuyện của bạn.
9,Cho đi,"Bạn thường kết thúc một việc gì đó cho người khác, hoặc làm những việc mà lợi ích không quay về mình ngay.","Cho đi mà không mong nhận lại, nhưng cũng đừng để mình cạn kiệt."
11,Thắp sáng cho người khác,Bạn có khả năng làm người khác nhìn lại chính họ. Ảnh hưởng của bạn thường lớn hơn bạn tưởng.,Muốn soi cho người khác thì bản thân phải đủ vững trước đã.
22,Biến ý lớn thành thật,Bạn có thể làm những việc mà người khác chỉ nói tới. Con đường này dài và đòi hỏi sự bền bỉ hiếm có.,Chia việc lớn thành từng chặng. Không ai leo hết núi trong một bước.
33,Nâng đỡ người khác,"Con đường của bạn là dạy dỗ, chữa lành, hoặc bằng cách nào đó làm nhẹ gánh cho người xung quanh. Số này rất hiếm.","Cho đi nhiều thì cũng phải biết nhận lại, nếu không bạn sẽ cạn trước khi giúp được ai."
