ma,bo,so,ten_vi,ten_en,tu_khoa,y_nghia_xuoi,y_nghia_nguoc,tinh_cam,cong_viec,loi_khuyen
major-00,Ẩn Chính,0,Gã Khờ,The Fool,"Khởi đầu, liều lĩnh, ngây thơ","Chàng trai bước tới sát mép vực mà mắt vẫn ngước lên trời, tay ôm bông hoa trắng, con chó nhỏ dưới chân sủa inh ỏi. Bạn đang đứng trước một việc hoàn toàn mới và chưa biết nó dẫn tới đâu, nhưng chưa có gì để mất lại chính là điểm mạnh lúc này.","Vẫn bước chân ấy nhưng không ai cảnh báo. Bạn lao theo cơn hứng rồi mới hỏi mình đang làm gì, hoặc ngược lại, đứng mãi ở mép vực tới lúc cơ hội trôi qua.","Mới chớm, còn nhẹ và chưa ràng buộc. Vui thì vui, nhưng chưa có gì chắc chắn.",Một cơ hội tới sớm hơn mức bạn thấy mình sẵn sàng. Thiếu kinh nghiệm không phải lý do để từ chối.,"Cứ bước đi, nhưng nhìn xuống chân trước khi nhảy."
major-01,Ẩn Chính,1,Nhà Ảo Thuật,The Magician,"Chủ động, khéo léo, biến ý thành việc","Trên bàn có đủ bốn thứ, gậy, cốc, kiếm và đồng tiền, nghĩa là không thiếu gì cả. Người đàn ông một tay chỉ trời một tay chỉ đất. Bạn đã có đủ khả năng và điều kiện cho việc đang định làm, giờ chỉ còn thiếu một điều là bắt đầu.","Đồ nghề vẫn bày ra đó mà bàn tay buông thõng. Bạn đang để phí khả năng của mình, hoặc đem nó ra loè người thay vì làm thật. Cũng có thể quanh bạn đang có kẻ nói hay hơn làm.","Bạn đang có sức hút. Đây là lúc nói thẳng điều mình muốn, đừng chờ người kia tự đoán ra.","Chào hàng, thương lượng hay mở việc riêng đều thuận. Người ta đang nhìn thấy bạn.",Đừng chờ thêm điều kiện nào nữa. Thứ còn thiếu là bạn bắt tay vào.
major-02,Ẩn Chính,2,Nữ Tư Tế,The High Priestess,"Trực giác, im lặng, điều chưa lộ","Bà ngồi giữa hai cột đen trắng, sau lưng là tấm màn che kín, cuộn sách trong lòng chỉ hé ra một nửa. Chuyện bạn đang quan tâm còn phần chưa ai nói ra. Những gì bày trước mắt mới là một nửa sự thật.","Tấm màn bị vén lên không đúng lúc. Điều giấu kín sắp lộ, hoặc chính bạn đang bịt tai trước linh cảm của mình.",Người kia chưa nói hết lòng. Càng ép thì họ càng đóng chặt.,"Chưa đủ thông tin để quyết. Hỏi thêm, quan sát thêm, đừng ký gì trong tuần này.",Điều bạn linh cảm thường đúng hơn điều người ta nói với bạn.
major-03,Ẩn Chính,3,Nữ Hoàng,The Empress,"Sung túc, chăm sóc, sinh sôi","Bà ngả người trên gối giữa cánh đồng lúa chín, suối chảy sau lưng, cây cối rậm rạp quanh mình. Thứ gì bạn gieo trong thời gian qua cũng đang lớn. Giờ là lúc gặt, đừng gieo thêm.","Cánh đồng vẫn xanh nhưng người trông nó thì kiệt sức. Bạn lo cho người khác tới mức quên mình, hoặc bao bọc chặt tới mức họ thấy ngộp. Cũng có thể là giai đoạn cạn ý tưởng, làm gì cũng thấy khô.",Nồng ấm và có chiều sâu. Có thể là tin vui về gia đình hoặc con cái.,"Công việc vào độ chín, thành quả bắt đầu thấy được. Hợp với nghề sáng tạo.","Cho phép mình hưởng thứ đã gây dựng, đừng lúc nào cũng lo chặng sau."
major-04,Ẩn Chính,4,Hoàng Đế,The Emperor,"Kỷ luật, quyền lực, khuôn khổ","Ngai bằng đá, bốn góc chạm đầu cừu, phía sau là núi trọc không một bóng cây. Việc bạn đang làm cần trật tự. Nó cần một người chịu trách nhiệm, chứ không cần thêm cảm hứng.","Ngai vẫn đó nhưng không ai muốn lại gần. Bạn cứng tới mức không nghe được góp ý, hoặc ngược lại, buông lỏng tới mức chẳng ai cầm trịch.","Một người vững vàng và đáng dựa, chỉ hơi khô khan. Lúc này cần rõ ràng hơn là cần lãng mạn.","Lập kế hoạch, siết quy trình, nhận vai quản lý. Làm tới nơi tới chốn sẽ được ghi nhận.","Đặt ra khuôn khổ cho chính mình trước, rồi hãy đòi hỏi người khác."
major-05,Ẩn Chính,5,Giáo Hoàng,The Hierophant,"Truyền thống, chỉ dẫn, khuôn phép","Dưới bậc thềm có hai người quỳ nghe giảng, người giảng thì đã đi qua con đường đó rồi. Việc bạn đang vướng đã có người giải quyết rồi. Đi theo cách đã được kiểm chứng sẽ nhanh hơn tự mò.","Hai người đứng dậy bỏ ra ngoài. Đã tới lúc làm theo cách của mình. Nhưng cũng coi chừng bạn chống một khuôn phép chỉ vì nó cũ, chứ chưa kịp nghĩ nó đúng hay sai.","Chuyện đi theo hướng chính thức, chẳng hạn ra mắt gia đình, đính hôn, cưới xin.",Nên tìm người dẫn dắt hoặc theo một quy chuẩn sẵn có. Chưa phải lúc phá lệ.,Hỏi người đã đi qua chuyện này. Bạn không cần phát minh lại từ đầu.
major-06,Ẩn Chính,6,Tình Nhân,The Lovers,"Lựa chọn, gắn kết, thuận lòng","Thiên thần giang tay phía trên, hai người đứng dưới, mỗi bên một cái cây. Bạn đang đứng trước một lựa chọn chạm vào thứ mình tin chứ không chỉ là tính hơn thiệt. Cũng có thể là lúc hai người thật sự hiểu nhau.","Hai người cùng nhìn về hai hướng khác nhau. Lệch pha, hiểu lầm, hoặc một quyết định đưa ra vì sức ép chứ không phải vì bạn muốn.",Sâu sắc và đồng điệu. Cũng có thể là lúc phải chọn giữa hai người.,"Hai ngả đường. Chọn cái hợp với con người bạn, đừng chọn cái trông sáng hơn.","Chọn bằng lòng mình, rồi đừng ngoái lại."
major-07,Ẩn Chính,7,Cỗ Xe,The Chariot,"Quyết tâm, thắng lợi, giữ hướng","Hai con nhân sư một đen một trắng kéo về hai phía khác nhau, mà người đánh xe không hề cầm dây cương. Ông giữ chúng bằng ý chí. Bạn thắng được việc này nếu không để mình bị kéo lệch khỏi hướng đã chọn.","Hai con vật thắng thế và xe quay vòng tại chỗ. Bạn mất hướng, hoặc lao đi mà quên mất đang tới đâu. Có khi là dùng sức ép để đạt mục tiêu rồi nhận lại sự chống đối.",Cần chủ động và dứt khoát. Lấp lửng lúc này sẽ làm hỏng chuyện.,Vượt được cạnh tranh nhờ tập trung. Đừng ôm nhiều việc cùng lúc.,"Thắng lợi thuộc về người giữ được hướng đi, không phải người chạy nhanh nhất."
major-08,Ẩn Chính,8,Sức Mạnh,Strength,"Mềm mỏng, kiên nhẫn, làm chủ mình","Người phụ nữ khép miệng con sư tử bằng hai bàn tay, không dây trói cũng không roi. Trên đầu cô là dấu vô cực. Chuyện trước mặt chỉ giải quyết được bằng sự điềm tĩnh, càng dùng sức càng hỏng.","Con sư tử giành lại thế. Bạn cạn kiên nhẫn và dễ nổi nóng, hoặc tự nghi ngờ tới mức không dám làm gì. Bên trong mệt hơn vẻ ngoài nhiều.",Yêu bằng sự bao dung. Nhẫn với tật của người kia thay vì đòi họ đổi ngay.,Giữ được thái độ trong lúc căng thẳng sẽ đưa bạn đi xa hơn tài năng.,"Thứ bạn cần khuất phục là cơn nóng của chính mình, không phải người kia."
major-09,Ẩn Chính,9,Ẩn Sĩ,The Hermit,"Lui về, tự soi, tìm câu trả lời","Một ông già đứng trên đỉnh tuyết, tay giơ cây đèn có ngôi sao bên trong, nhưng ông không soi cho ai cả mà soi đường mình đi. Bạn cần một quãng ở riêng. Chưa nhìn rõ mình đang ở đâu thì đi tiếp cũng bằng thừa.","Đèn tắt, hoặc ông ở trên đỉnh lâu tới mức quên đường xuống. Ở một mình thành ra lạc lõng và từ chối mọi lời khuyên. Cũng có thể là đã tới lúc quay lại với mọi người.","Cần khoảng lặng. Có thể là quãng xa cách, hoặc chủ động ở một mình để hiểu lòng mình.",Chưa phải lúc mở rộng. Ngồi lại xem xét cái đang có trước đã.,"Câu trả lời nằm trong chỗ yên tĩnh, không nằm trong lời khuyên của đám đông."
major-10,Ẩn Chính,10,Bánh Xe Số Phận,Wheel of Fortune,"Xoay vần, thời vận, bước ngoặt","Bánh xe quay, có con leo lên có con tụt xuống, và không con nào điều khiển được nó. Chuyện sắp tới phần lớn nằm ngoài tay bạn. Việc của bạn là xoay xở với cái đến chứ không phải chọn cái đến.",Bánh xe vẫn quay nhưng đang quay về phía bạn không thích. Hoặc bạn cứ lặp mãi một vòng cũ mà không thoát ra được.,Có biến chuyển bất ngờ theo hướng tốt lên. Người cũ có thể quay lại.,"Một cơ hội tới đúng lúc, hoặc một thay đổi bạn không lường trước. Đón lấy nó.","Cái đang tới không do bạn gọi, nhưng nhận hay không là do bạn."
major-11,Ẩn Chính,11,Công Lý,Justice,"Công bằng, nhân quả, sự thật","Một tay cầm cân, một tay cầm kiếm. Cân để đo cho đúng, kiếm để cắt cho dứt. Việc bạn đang chờ sẽ được phân xử đúng như nó vốn có, kể cả phần bạn không muốn nghe.","Cân lệch hẳn về một bên. Có chỗ không sòng phẳng, hoặc bạn đang né trách nhiệm cho việc mình gây ra. Cũng có khi chính bạn chịu thiệt mà chưa lên tiếng.",Cần sòng phẳng và nói thật. Quan hệ chỉ bền khi hai bên cho đi ngang nhau.,"Hợp đồng, thoả thuận, kiện tụng đều sẽ ngã ngũ theo lẽ phải. Đọc kỹ điều khoản.","Bạn nhận về đúng thứ mình đã gieo, không hơn không kém."
major-12,Ẩn Chính,12,Người Treo Ngược,The Hanged Man,"Dừng lại, đổi góc nhìn, chịu thiệt","Người treo ngược trên cây, một chân gập lại, mặt vẫn bình thản và quanh đầu có vầng sáng. Ông ở đó vì tự chọn chứ không phải bị trói. Việc của bạn đang đứng im, và lúc này đứng im lại đúng hơn là cố đẩy.","Treo mãi mà chẳng thấy gì khác đi. Bạn chờ đợi vô ích rồi gọi đó là kiên nhẫn, hoặc hy sinh cho một thứ không ai ghi nhận.",Một bên đang chịu nhiều hơn hẳn. Nhìn lại xem sự chờ đợi này có đáng không.,"Kế hoạch bị treo, ép cũng không chạy. Dùng quãng này xem lại cách làm.",Thứ bạn đang cố đẩy tới sẽ tự thông khi bạn buông tay một lúc.
major-13,Ẩn Chính,13,Cái Chết,Death,"Kết thúc, lột xác, dọn chỗ","Bộ xương cưỡi ngựa trắng đi qua, vua ngã xuống, trẻ con thì đưa hoa. Phía xa mặt trời mọc giữa hai cột. Một chuyện trong đời bạn đã hết vai trò của nó. Rất hiếm khi lá này ứng vào chết chóc. Nó ứng vào việc dọn chỗ cho thứ sắp tới.","Đoàn người chắn ngang đường ngựa đi. Bạn níu một thứ đã xong, sợ thay đổi tới mức thà chịu đựng cái cũ.","Một mối quan hệ tới hồi kết, hoặc đổi hẳn về bản chất. Níu lại chỉ thêm mệt.","Nghỉ việc, đổi nghề, đóng một mảng kinh doanh. Sự kết thúc này là cần thiết.",Đừng giữ lại thứ đã hết. Chỗ trống mới là thứ bạn đang cần.
major-14,Ẩn Chính,14,Tiết Độ,Temperance,"Cân bằng, pha trộn, vừa đủ","Thiên thần rót nước qua lại giữa hai cái cốc, một chân đặt trên bờ một chân dưới nước, mà không đổ ra ngoài giọt nào. Việc bạn đang làm cần đúng liều lượng. Dồn quá hay buông quá đều hỏng như nhau.","Nước tràn ra ngoài. Bạn làm gì cũng quá tay, nóng vội muốn có ngay kết quả. Hoặc đang sống lệch hẳn về một phía và cơ thể bắt đầu lên tiếng.",Hai người đang học cách dung hoà khác biệt. Kiên nhẫn sẽ có kết quả.,Phối hợp nhiều nguồn lực và nhiều người. Từ tốn mà chắc thì hơn làm gấp.,"Đi chậm một chút, nhưng đi đều. Lần này về đích theo kiểu đó."
major-15,Ẩn Chính,15,Ác Quỷ,The Devil,"Ràng buộc, cám dỗ, thói quen xấu","Dưới chân con quỷ, một đôi nam nữ bị xích vào bệ đá. Nhìn kỹ thì vòng xích rộng hơn cổ họ nhiều, chỉ cần cúi đầu là tuột ra, nhưng họ không cúi. Có thứ đang giữ chân bạn mà chính bạn để nó giữ, chẳng hạn một khoản nợ, một thói quen, hay một mối quan hệ biết là không ổn.","Có người bắt đầu cúi đầu. Bạn nhìn ra thứ đang trói mình và muốn gỡ, dù chặng đầu còn chật vật.","Nặng về chiếm hữu hoặc ham muốn, thiếu tự do. Nhìn cho rõ thứ đang trói mình.","Bị buộc vào công việc hoặc khoản tiền không cho bạn lối ra. Thoát được, chỉ là đang ngại.",Cái xích ấy không khoá. Bạn chỉ chưa muốn gỡ.
major-16,Ẩn Chính,16,Tòa Tháp,The Tower,"Đổ vỡ đột ngột, vỡ mộng, làm lại","Sét đánh trúng đỉnh tháp, vương miện văng ra, hai người rơi xuống. Một thứ bạn tưởng vững sắp sụp rất nhanh, nhanh tới mức không kịp chuẩn bị. Đau, nhưng thứ sụp xuống thường là thứ xây trên nền sai từ đầu.","Tháp lung lay mà chưa sập. Bạn tránh được một cú lớn, hoặc đang gồng đỡ thứ đằng nào cũng đổ. Kéo dài chỉ làm cú ngã sau này nặng hơn.","Một sự thật bất ngờ lật hết mọi chuyện. Chia tay, hoặc vỡ lẽ về nhau.","Mất việc, dự án gãy, kế hoạch đổ. Không cứu được thì chuẩn bị dựng lại.",Cái đổ hôm nay là cái lẽ ra phải đổ từ lâu.
major-17,Ẩn Chính,17,Ngôi Sao,The Star,"Hy vọng, chữa lành, niềm tin trở lại","Trong bộ bài, lá này đứng ngay sau Tòa Tháp. Một người quỳ bên hồ, rót nước xuống đất và xuống nước, trên trời có tám ngôi sao. Giai đoạn khó đã qua và mọi thứ đang lành lại, tuy còn chậm.","Nước vẫn rót nhưng người rót đã mỏi. Bạn mất niềm tin, thấy cố mãi cũng chẳng tới đâu. Vết thương cũ chưa liền mà đã tự trách mình vì còn đau.",Vết thương cũ đang liền. Một người đến nhẹ nhàng và chân thành.,Có hướng đi rõ ràng trở lại. Cứ theo đuổi cái mình thật lòng muốn.,Giữ lấy hy vọng đó. Lần này nó có cơ sở.
major-18,Ẩn Chính,18,Mặt Trăng,The Moon,"Mơ hồ, lo sợ, điều giấu kín","Con đường chạy giữa hai cái tháp, chó và sói cùng tru lên mặt trăng, một con tôm bò lên từ mặt nước. Dưới thứ ánh sáng này cái gì cũng trông khác đi. Bạn đang nhìn sự việc qua nỗi sợ của mình, nên thứ bạn thấy chưa chắc là thứ có thật.","Trời bắt đầu sáng. Sương tan dần, và nỗi sợ bấy lâu hoá ra không to như bạn tưởng.","Nghi ngờ, hiểu lầm, có chuyện giấu nhau. Hỏi thẳng thay vì tự suy diễn.",Thông tin chưa đầy đủ hoặc không thật. Kiểm lại trước khi tin.,Đừng quyết trong bóng tối. Chờ trời sáng rồi hẵng đi.
major-19,Ẩn Chính,19,Mặt Trời,The Sun,"Rõ ràng, vui vẻ, thành công","Đứa trẻ cưỡi ngựa trắng dưới mặt trời, sau lưng là tường hoa hướng dương, và cả bức tranh không có lấy một cái bóng. Việc bạn đang chờ sẽ thuận. Không có gì phải ngờ vực ở lá này.","Mặt trời vẫn đó nhưng có mây ngang qua. Niềm vui bị che bớt, hoặc thành công tới mà trong lòng vẫn thấy trống. Cũng có khi lạc quan quá nên bỏ qua chi tiết đáng lo.",Ấm áp và công khai. Tin vui về cưới hỏi hoặc con cái.,Thành quả tới và được nhìn nhận. Dự án chạy tốt.,Nhận lấy điều tốt đang đến mà không cần thấy áy náy.
major-20,Ẩn Chính,20,Phán Xét,Judgement,"Thức tỉnh, tổng kết, gọi mời","Tiếng kèn vang lên, người ngồi dậy từ quan tài và giơ hai tay. Không ai bị lôi dậy cả, họ nghe thấy rồi tự đứng lên. Đã tới lúc bạn nhìn lại cả chặng vừa qua và quyết định sẽ sống tiếp thế nào.","Kèn thổi mà không ai nhúc nhích. Bạn tự trách mãi về chuyện cũ, hoặc nghe thấy lời gọi nhưng làm ngơ. Có khi là phán xét người khác quá nặng.","Cơ hội nối lại, hoặc nói cho xong chuyện cũ. Tha thứ được thì nhẹ cả hai.",Nhìn lại cả quá trình để chọn hướng mới. Một lời mời quan trọng có thể tới.,"Đối diện chuyện cũ một lần cho dứt, rồi bước tiếp."
major-21,Ẩn Chính,21,Thế Giới,The World,"Trọn vẹn, hoàn tất, mở rộng","Người múa trong vòng nguyệt quế, bốn góc là bốn sinh vật canh giữ. Một vòng đã đi hết và khép lại đúng chỗ nó bắt đầu, chỉ khác là bạn của hôm nay không còn là bạn lúc xuất phát. Việc lớn bạn theo đuổi bấy lâu đang tới hồi hoàn tất.","Vòng nguyệt quế hở một chỗ. Sắp xong mà mãi chưa xong, còn một mắt xích chưa gỡ. Hoặc đã xong rồi nhưng bạn không cho phép mình dừng lại để thấy là đủ.","Chín muồi, hai người thuộc về nhau. Hoặc một chuyện cũ khép lại thanh thản.",Hoàn thành một chặng lớn. Có thể liên quan tới đi xa hoặc làm việc với nước ngoài.,"Ăn mừng cho chặng đã xong, rồi hãy nghĩ tới chặng sau."
cups-01,Cốc,1,Át Cốc,Ace of Cups,"Rung động mới, lòng mở ra","Một bàn tay từ mây đưa ra chiếc cốc tràn nước, con chim bồ câu cắm xuống. Nước chảy ra năm dòng mà cốc vẫn đầy. Một dòng cảm xúc mới đang mở trong bạn, có thể là tình cảm, cũng có thể là niềm vui sống trở lại sau một quãng nguội lạnh.","Cốc nghiêng, nước đổ hết ra ngoài. Bạn dồn nén cảm xúc không nói ra được, hoặc một tình cảm vừa chớm đã tắt vì chính bạn đóng cửa lại.","Có người mới xuất hiện, hoặc tình cũ ấm trở lại. Cứ để lòng mình mở ra.",Công việc mang lại cảm hứng trở lại. Hợp với nghề cần sự đồng cảm.,Đừng sợ rung động. Cứ để nó đến rồi hẵng tính.
cups-02,Cốc,2,Hai Cốc,Two of Cups,"Đôi bên, đồng lòng, kết giao","Hai người trao cốc cho nhau, phía trên là cây trượng có hai con rắn quấn và đầu sư tử. Họ đứng ngang hàng, không ai cúi đầu. Bạn và ai đó đang hợp nhau thật sự. Tình yêu, bạn bè hay làm ăn đều có thể.","Hai cái cốc không chạm nhau. Một bên cho nhiều hơn hẳn, hoặc hiểu lầm đang đẩy hai người xa dần.","Hoà hợp, có thể tiến tới gắn bó lâu dài.",Hợp tác thuận lợi. Tìm được người cùng chí hướng.,Quan hệ chỉ đứng vững khi hai bên cùng giữ.
cups-03,Cốc,3,Ba Cốc,Three of Cups,"Sum vầy, ăn mừng, bạn bè",Ba cô gái giơ cốc lên trời giữa mùa quả chín dưới chân. Có chuyện đáng mừng và bạn không mừng một mình. Gọi người thân bạn bè lại đi.,"Tiệc tan mà người thì mệt. Vui quá đà, hoặc bạn bè hoá ra không thật lòng. Cũng có khi bạn thấy lạc lõng ngay giữa đám đông.",Được bạn bè ủng hộ. Có tin vui cần ăn mừng.,Làm việc nhóm ăn ý. Công sức tập thể được ghi nhận.,Gọi bạn bè lại. Niềm vui chia ra thì nhiều hơn.
cups-04,Cốc,4,Bốn Cốc,Four of Cups,"Chán chường, thờ ơ, bỏ lỡ","Chàng trai ngồi khoanh tay dưới gốc cây, trước mặt có ba cái cốc mà không buồn nhìn, trong khi một bàn tay từ mây chìa ra cái cốc thứ tư. Có thứ tốt đang đưa tới mà bạn không thấy, vì đang mải chán.",Chàng trai ngẩng lên. Bạn bắt đầu tỉnh lại và nhận ra thứ mình đã bỏ qua.,"Đang nguội lạnh, hoặc không nhận ra người tốt ngay bên cạnh.","Chán việc, làm cho xong. Hãy xem thứ mình thật sự muốn là gì.",Ngẩng lên nhìn quanh. Thứ bạn tìm có thể đang ở ngay đó.
cups-05,Cốc,5,Năm Cốc,Five of Cups,"Tiếc nuối, mất mát, ngoảnh lại","Người khoác áo đen cúi nhìn ba cái cốc đổ, mà sau lưng vẫn còn hai cái đứng nguyên, phía xa có cây cầu dẫn về nhà. Bạn đang tiếc một thứ đã mất tới mức không thấy phần còn lại.",Người ấy quay lại nhìn hai cái cốc còn đứng. Bạn bắt đầu nguôi và chấp nhận được chuyện đã qua.,Còn vương vấn chuyện cũ nên chưa mở lòng cho chuyện mới.,Một thất bại còn ám ảnh. Rút bài học rồi đi tiếp.,Đừng chỉ đếm thứ đã mất. Quay lại nhìn thứ còn nguyên.
cups-06,Cốc,6,Sáu Cốc,Six of Cups,"Kỷ niệm, người cũ, trong trẻo","Một đứa trẻ đưa cho đứa khác chiếc cốc cắm đầy hoa, trong sân một ngôi nhà cũ. Quá khứ đang quay lại một cách hiền lành, có thể là người cũ, chốn cũ, hoặc một ký ức tuổi nhỏ.","Bạn sống trong kỷ niệm mà quên hiện tại, hoặc nhớ về quá khứ đẹp hơn thực tế nó từng có.","Người cũ quay lại, hoặc tình cảm nảy từ một quan hệ quen lâu năm.",Một cơ hội đến từ quan hệ cũ. Có thể quay lại nơi từng làm.,"Nhớ thì cứ nhớ, nhưng đừng dọn vào đó ở."
cups-07,Cốc,7,Bảy Cốc,Seven of Cups,"Nhiều lựa chọn, ảo tưởng, hoa mắt","Bảy cái cốc hiện ra trong mây, mỗi cái đựng một thứ, có cốc đựng châu báu, có cốc đựng con rắn. Người đứng nhìn chỉ thấy bóng mình. Trước mặt bạn nhiều hướng quá nên cuối cùng chẳng chọn được hướng nào, mà có thứ chỉ đẹp ở vẻ ngoài.","Mây tan, các cốc rõ dần. Bạn nhìn ra đâu là thật đâu là mơ, và đã chọn được một hướng.","Đang phân vân giữa nhiều người, hoặc yêu một hình ảnh mình tự vẽ ra.",Nhiều cơ hội nhưng chưa cái nào chắc. Đừng ôm hết.,Bỏ bớt đi. Chọn một thứ và làm cho tới.
cups-08,Cốc,8,Tám Cốc,Eight of Cups,"Rời đi, buông, tìm thứ khác","Người chống gậy quay lưng bỏ đi dưới trăng, để lại tám cái cốc xếp ngay ngắn, không đổ cái nào. Bạn rời một thứ vẫn còn tốt, vì biết nó không cho mình điều mình cần. Ra đi kiểu này là tỉnh táo, chứ không phải bỏ cuộc.","Bạn dùng dằng mãi không dứt được, biết nên đi mà cứ ở lại. Hoặc vừa quay lại thứ mình đã bỏ.",Muốn kết thúc một mối quan hệ đã cạn. Đi hay ở đều cần dứt khoát.,Rời một công việc ổn định để tìm thứ có ý nghĩa hơn.,"Có những thứ tốt mà vẫn phải bỏ lại, vì nó không dành cho bạn."
cups-09,Cốc,9,Chín Cốc,Nine of Cups,"Toại nguyện, đủ đầy, ước thành","Người đàn ông ngồi khoanh tay, mặt mãn nguyện, sau lưng là chín cái cốc xếp trên bệ phủ vải. Điều bạn mong đang thành. Người ta hay gọi đây là lá của điều ước.",Được cái mình muốn rồi mà vẫn thấy thiếu. Hoặc mong cầu đặt sai chỗ nên đạt được cũng không vui.,Hạnh phúc trong tầm tay. Hãy trân trọng cái đang có.,"Thành quả tới, xứng đáng với công sức. Tài chính khá lên.",Cho phép mình vui. Bạn đã trả giá đủ rồi.
cups-10,Cốc,10,Mười Cốc,Ten of Cups,"Sum họp, hạnh phúc, mái ấm","Hai vợ chồng giang tay nhìn cầu vồng mười cái cốc, hai đứa trẻ nắm tay nhảy bên cạnh, xa xa là ngôi nhà. Thứ bạn đang có hoặc sắp có là sự yên ổn bền lâu, không phải niềm vui rực rỡ nhất thời.","Cầu vồng mờ đi. Gia đình lục đục, hoặc bề ngoài êm ấm mà bên trong không phải vậy.","Đi tới bền vững, hướng gia đình. Tin vui về cưới hỏi.",Công việc và đời sống riêng cân được với nhau.,Hạnh phúc thật thường trông rất bình thường.
cups-11,Cốc,11,Tiểu Đồng Cốc,Page of Cups,"Ngây thơ, tin mới, cảm hứng","Cậu bé cầm cốc, trong cốc có con cá ngoi lên nhìn cậu, và cậu không hề ngạc nhiên. Một tin nhắn, một lời tỏ bày hoặc một ý tưởng sắp đến với bạn, đến từ cảm xúc chứ không từ tính toán.","Con cá biến mất. Dỗi hờn trẻ con, cảm xúc thất thường, hoặc một lời hứa nói ra rồi không giữ.","Có người bày tỏ tình cảm, nhẹ nhàng và chân thành.",Ý tưởng mới đáng nuôi. Đừng vội chê nó còn non.,"Giữ lấy sự hồn nhiên đó, nó không làm bạn yếu đi đâu."
cups-12,Cốc,12,Hiệp Sĩ Cốc,Knight of Cups,"Lãng mạn, theo đuổi, lời mời","Hiệp sĩ cưỡi ngựa trắng đi thong thả, hai tay nâng cốc như đang mang tặng ai. Mũ có đôi cánh nhỏ. Một người đến với lời đề nghị đẹp đẽ, hoặc chính bạn đang đi theo tiếng gọi của con tim.","Cốc rỗng mà vẫn giơ ra. Lời ngọt không có gì phía sau, hoặc bạn mơ mộng tới mức xa rời thực tế.",Có người theo đuổi rất khéo. Xem kỹ họ có thật lòng không.,Một lời mời hấp dẫn. Kiểm tra phần thực tế trước khi gật.,"Nghe con tim thì được, nhưng đừng bỏ cái đầu ở nhà."
cups-13,Cốc,13,Hoàng Hậu Cốc,Queen of Cups,"Thấu hiểu, dịu dàng, trực giác","Bà ngồi bên mép nước, nhìn chăm chú vào chiếc cốc có nắp trong tay, cái cốc duy nhất đóng kín trong cả bộ. Người này hiểu lòng người khác mà không cần được kể. Có thể là bạn, có thể là người đang ở cạnh bạn.","Nước tràn lên tận chân ngai. Chìm trong cảm xúc của người khác tới mức mất mình, hoặc dùng sự yếu mềm để níu giữ ai đó.",Một người bao dung và tinh tế. Hãy nghe nhau nhiều hơn.,"Hợp với việc chăm sóc, tư vấn, làm cầu nối giữa người với người.","Thương người thì tốt, nhưng nhớ chừa phần cho mình."
cups-14,Cốc,14,Vua Cốc,King of Cups,"Điềm tĩnh, chín chắn, làm chủ cảm xúc","Ngai của ông trôi trên mặt biển động, cá nhảy một bên, thuyền nghiêng một bên, mà ông vẫn ngồi yên. Người này nhiều cảm xúc nhưng không để cảm xúc điều khiển. Việc trước mặt cần đúng cái đầu lạnh và tấm lòng ấm cùng lúc.","Sóng đánh lên tới ngai. Kìm nén tới mức nguội lạnh, hoặc bề ngoài bình thản mà bên trong đang rối. Cũng có thể là người thao túng cảm xúc người khác.","Một người chững chạc, đáng tin. Giải quyết mâu thuẫn bằng bình tĩnh.",Được tin tưởng giao việc cần khéo léo với con người.,"Cảm xúc là thứ để hiểu, không phải thứ để nghe lời."
wands-01,Gậy,1,Át Gậy,Ace of Wands,"Hứng khởi, bắt đầu, đốm lửa","Một bàn tay từ mây nắm cây gậy còn đâm chồi, mấy chiếc lá rụng lả tả quanh đó. Bạn vừa có một ý tưởng hoặc cơ hội làm thứ mình thật sự muốn, và sức bật đang lên nên dùng ngay.","Gậy tuột khỏi tay. Hứng lên rồi tắt, khởi động mãi không xong. Hoặc cơ hội tới mà bạn chần chừ để nó nguội.","Sức hút mạnh, một khởi đầu đầy lửa. Hãy chủ động.",Thời điểm tốt để bắt đầu dự án hoặc mở việc riêng.,Đốm lửa này chỉ cháy nếu bạn thổi ngay bây giờ.
wands-02,Gậy,2,Hai Gậy,Two of Wands,"Nhìn xa, lên kế hoạch, chọn hướng","Người đàn ông đứng trên tường thành, một tay cầm gậy một tay ôm quả địa cầu, nhìn ra biển. Ông đã có chỗ đứng rồi mà vẫn nhìn ra xa. Bạn đang cân nhắc giữa ở yên chỗ quen và bước ra chỗ rộng hơn.","Quả địa cầu đặt xuống. Bạn sợ rời vùng an toàn, hoặc vẽ kế hoạch hoài mà không thực hiện.",Cân nhắc có nên tiến xa hơn với người này không.,Đang tính chuyện mở rộng. Chuẩn bị kỹ rồi hẵng đi.,"Có tầm nhìn là tốt, nhưng phải có ngày khởi hành."
wands-03,Gậy,3,Ba Gậy,Three of Wands,"Chờ kết quả, mở rộng, đường dài","Người đứng trên mỏm cao quay lưng lại, nhìn những con thuyền ngoài khơi. Thứ bạn gieo đã ra khơi và đang trên đường về. Việc còn lại là chờ cho đúng lúc.","Thuyền chưa thấy đâu. Chậm trễ, kế hoạch không như dự tính, hoặc tầm nhìn còn hẹp hơn bạn tưởng.","Cần thời gian, có thể phải xa nhau một quãng.","Hợp tác mở rộng, làm ăn với nơi xa. Kết quả sắp về.",Bạn đã làm phần của mình. Giờ là phần của thời gian.
wands-04,Gậy,4,Bốn Gậy,Four of Wands,"Ổn định, mừng vui, về nhà","Bốn cây gậy dựng thành cổng kết hoa, hai người giơ bó hoa đón phía sau, xa xa là toà thành. Một chặng đã xong và đáng để ăn mừng. Bạn đang có cảm giác vững chãi, có chốn thuộc về.","Cổng hoa dỡ xuống. Niềm vui bị hoãn, hoặc không khí gia đình đang có chuyện. Cũng có khi bạn chưa tìm được chỗ cho mình.","Tin vui về đính hôn, cưới hỏi, dọn về sống chung.",Một chặng hoàn tất. Nền móng đã chắc để đi tiếp.,"Dừng lại mừng một chút đã, rồi hẵng chạy tiếp."
wands-05,Gậy,5,Năm Gậy,Five of Wands,"Va chạm, cạnh tranh, lộn xộn","Năm người vung gậy loạn xạ, nhưng nhìn kỹ thì không ai đánh trúng ai. Xô xát kiểu này sinh ra vì nhiều người cùng muốn một thứ, không phải vì thù hằn. Bạn đang ở giữa một chỗ ồn ào mà chưa ai chịu ai.","Gậy hạ xuống. Xung đột lắng, hoặc mâu thuẫn bị nén lại chứ chưa giải quyết.",Cãi vặt liên tục vì những chuyện nhỏ. Cần một người chịu nhường trước.,"Cạnh tranh gay gắt. Giữ vững phần mình, đừng sa vào tranh cãi.",Không phải cuộc tranh nào cũng đáng để bạn nhảy vào.
wands-06,Gậy,6,Sáu Gậy,Six of Wands,"Thắng lợi, được công nhận, ngẩng đầu","Người cưỡi ngựa đội vòng nguyệt quế đi giữa đám đông, gậy của ông cũng có vòng nguyệt quế buộc trên đầu. Bạn được ghi nhận sau một chặng cố gắng, và lần này có người nhìn thấy.","Vòng nguyệt quế rơi. Công sức không ai biết tới, hoặc thắng rồi sinh kiêu. Cũng có khi bạn quá cần lời khen của người khác.",Được người kia coi trọng. Mối quan hệ khởi sắc.,"Thành tích được ghi nhận, có thể được thăng tiến.","Nhận lời khen cho đàng hoàng, rồi tiếp tục làm việc."
wands-07,Gậy,7,Bảy Gậy,Seven of Wands,"Giữ vững, phòng thủ, đứng về phía mình","Một người đứng trên gò cao chống đỡ sáu cây gậy chĩa lên từ phía dưới. Ông đi hai chiếc giày khác nhau, nghĩa là bị tấn công bất ngờ. Bạn đang phải bảo vệ điều mình tin trước nhiều người, nhưng bạn đứng ở chỗ cao hơn họ.","Người ấy bước xuống khỏi gò. Bạn đuối sức và muốn buông, hoặc phòng thủ cả những chỗ chẳng ai tấn công.",Phải bảo vệ mối quan hệ trước lời ra tiếng vào.,Bị cạnh tranh hoặc chất vấn. Giữ nguyên quan điểm nếu bạn đúng.,Bạn đang đứng chỗ cao hơn họ. Đừng bước xuống để cãi nhau.
wands-08,Gậy,8,Tám Gậy,Eight of Wands,"Nhanh, dồn dập, tin tới","Tám cây gậy bay ngang trời, không có người nào trong tranh. Mọi thứ đang tăng tốc. Tin nhắn, cuộc gọi và sự việc kéo đến cùng lúc, và chúng chuyển rất nhanh.","Gậy rơi lả tả. Trì trệ, chờ mãi không thấy hồi âm. Hoặc bạn vội quá nên làm hỏng việc.",Tiến triển nhanh. Có tin từ người bạn đang chờ.,"Việc dồn tới một lúc. Xử lý theo thứ tự, đừng ôm hết.","Đang đà thì đi, đừng dừng lại nghĩ quá lâu."
wands-09,Gậy,9,Chín Gậy,Nine of Wands,"Mệt mà chưa xong, cảnh giác, gắng nốt","Người đàn ông băng đầu, tựa vào một cây gậy, tám cây còn lại dựng sau lưng như hàng rào. Ông mang thương tích nhưng vẫn đứng. Bạn đã qua nhiều chặng và chỉ còn một đoạn nữa.","Hàng rào đổ. Bạn kiệt sức thật sự, hoặc đề phòng tới mức không cho ai lại gần.",Vết thương cũ làm bạn khó tin người mới.,Còn một chặng nữa là xong. Đừng bỏ lúc này.,"Bạn mệt, nhưng bạn chưa gục. Cố nốt đoạn này."
wands-10,Gậy,10,Mười Gậy,Ten of Wands,"Gánh nặng, ôm đồm, quá tải","Người ôm mười cây gậy che hết tầm nhìn, lưng còng xuống, nhà còn ở phía xa. Bạn đang vác nhiều hơn sức mình. Câu đáng hỏi là trong đống đó có bao nhiêu thứ thật sự là của bạn.","Gậy rơi xuống đất. Bạn bắt đầu bỏ bớt được, hoặc gục hẳn vì không chịu buông sớm hơn.",Quan hệ thành nghĩa vụ nhiều hơn là niềm vui.,Ôm quá nhiều việc. Giao bớt đi hoặc từ chối bớt.,Đặt xuống vài thứ. Không ai bắt bạn vác hết.
wands-11,Gậy,11,Tiểu Đồng Gậy,Page of Wands,"Háo hức, khám phá, tin vui","Cậu thiếu niên đứng giữa sa mạc, cầm cây gậy đang nảy mầm và ngắm nó chăm chú. Một tin tức hoặc cơ hội làm bạn phấn khích trở lại. Còn non nhưng đầy sức sống.",Mầm trên gậy héo. Nhiệt tình nhất thời rồi bỏ dở giữa chừng. Hoặc tin đồn chưa kiểm chứng.,"Một người trẻ trung, vui vẻ xuất hiện. Giai đoạn tìm hiểu nhiều hứng khởi.","Có cơ hội học thứ mới. Cứ thử, sai cũng không sao.",Đừng để cái hứng này tắt trước khi bạn kịp làm gì.
wands-12,Gậy,12,Hiệp Sĩ Gậy,Knight of Wands,"Bốc đồng, lao tới, liều","Ngựa chồm hai chân trước, hiệp sĩ ghì lấy, áo giáp vẽ đầy kỳ nhông. Người này đi trước nghĩ sau, nhiều năng lượng và có sức hút, nhưng ít kiên nhẫn với chi tiết.","Ngựa hất ông xuống. Nóng vội gây hỏng việc, hứa rồi bỏ ngang. Hoặc mất hết động lực.","Một người nồng nhiệt nhưng khó đoán. Vui thì rất vui, bền thì chưa chắc.","Dám làm và làm nhanh, nhưng dễ sót. Cần người rà lại sau lưng.","Nhiệt tình là vốn quý, miễn là bạn đi hết được đoạn đường."
wands-13,Gậy,13,Hoàng Hậu Gậy,Queen of Wands,"Tự tin, ấm áp, có sức hút","Bà ngồi thẳng lưng, một tay cầm gậy một tay cầm hoa hướng dương, con mèo đen ngồi dưới chân nhìn thẳng ra ngoài. Người này biết mình là ai và không cần ai xác nhận. Sức hút của họ đến tự nhiên chứ không phải cố.","Hoa hướng dương rũ xuống. Tự tin bị lung lay, hoặc sinh ghen tuông và hơn thua. Cũng có khi là gồng lên cho trông có vẻ ổn.",Một người nồng nhiệt và thẳng thắn. Cứ là chính mình.,Dẫn dắt được người khác nhờ khí chất chứ không nhờ chức vụ.,Bạn không cần ai gật đầu thì mới được là mình.
wands-14,Gậy,14,Vua Gậy,King of Wands,"Thủ lĩnh, tầm nhìn, dám quyết","Ông ngồi hơi nghiêng như sắp đứng dậy, gậy chống xuống đất, kỳ nhông nhỏ bên chân ngậm đuôi mình. Người này vạch ra hướng đi rồi kéo người khác theo. Việc trước mặt cần một người nhìn xa và dám làm tới.","Ông ngồi lún xuống ngai. Độc đoán, không nghe ai. Hoặc có tầm nhìn mà thiếu người theo vì cách cư xử.","Một người mạnh mẽ, quyết đoán. Cần tôn trọng lẫn nhau.",Thích hợp cầm trịch một việc lớn. Quyết rồi thì chịu trách nhiệm.,Dẫn đường thì phải quay lại xem có ai còn theo kịp không.
swords-01,Kiếm,1,Át Kiếm,Ace of Swords,"Sáng tỏ, sự thật, quyết định","Bàn tay từ mây nắm thanh kiếm dựng thẳng, mũi kiếm xuyên qua vòng vương miện có cành ô liu và lá cọ. Bạn vừa nhìn ra vấn đề đúng như nó là, và có đủ can đảm gọi tên nó. Giờ là lúc cắt cho dứt.","Kiếm chúc xuống. Nghĩ mãi không thông, hoặc dùng sự thật như một nhát dao. Cũng có khi quyết định đưa ra dựa trên thông tin sai.",Cần một cuộc nói chuyện thẳng thắn. Nói rõ còn hơn đoán mò.,Tìm ra hướng giải quyết. Thời điểm tốt để ký kết hoặc chốt phương án.,"Nói thật, nhưng chọn cách nói cho người ta nghe được."
swords-02,Kiếm,2,Hai Kiếm,Two of Swords,"Bế tắc, né tránh, không chọn","Người phụ nữ bịt mắt, hai tay bắt chéo ôm hai thanh kiếm, sau lưng là biển có đá ngầm. Bạn đang bịt mắt trước một chuyện phải quyết, vì hai hướng đều có lý nên đứng yên trông an toàn nhất.","Khăn bịt mắt được tháo ra, bạn buộc phải nhìn. Hoặc bế tắc kéo dài tới mức hoàn cảnh quyết thay bạn.","Lấp lửng, không rõ ràng với nhau. Cần một câu trả lời dứt khoát.",Hoãn quyết định chỉ làm vấn đề lớn hơn. Tìm thêm thông tin rồi chọn.,"Không chọn cũng là một lựa chọn, và thường là lựa chọn tệ nhất."
swords-03,Kiếm,3,Ba Kiếm,Three of Swords,"Tổn thương, đau lòng, sự thật phũ","Ba thanh kiếm xuyên qua một trái tim, trên nền trời mưa. Không có người nào trong tranh, chỉ có nỗi đau trần trụi. Có chuyện làm bạn đau, và nó đau vì nó thật.","Kiếm bắt đầu rút ra. Vết thương đang lành, cơn đau nhạt dần. Hoặc bạn cố nén thay vì cho nó chảy ra.","Chia tay, phản bội, hoặc một sự thật làm sụp niềm tin.",Tin xấu hoặc lời phê bình nặng. Nhận rồi đi tiếp.,Đau thì cứ đau cho hết. Nén lại chỉ làm nó ở lâu hơn.
swords-04,Kiếm,4,Bốn Kiếm,Four of Swords,"Nghỉ ngơi, tạm dừng, hồi sức","Hiệp sĩ nằm trên bia đá trong nhà thờ, ba thanh kiếm treo trên tường và một thanh nằm dưới lưng. Ông không chết, ông đang nghỉ. Bạn cũng nên nằm xuống thay vì cố thêm.","Hiệp sĩ ngồi dậy. Nghỉ đủ rồi, đến lúc quay lại. Hoặc ngược lại, kiệt sức mà vẫn không cho mình dừng.",Cần khoảng lặng cho cả hai. Đừng bàn chuyện lớn lúc đang mệt.,Tạm gác việc lại. Làm tiếp trong trạng thái này chỉ sinh lỗi.,Nghỉ không phải là bỏ cuộc. Đó là một phần của việc.
swords-05,Kiếm,5,Năm Kiếm,Five of Swords,"Thắng mà thua, cãi vã, ích kỷ","Người đàn ông thu ba thanh kiếm về mình và cười, hai người kia quay lưng bỏ đi. Bạn có thể thắng cuộc tranh này, nhưng cái giá là mối quan hệ. Câu đáng hỏi là thắng xong rồi còn lại gì.","Kiếm rơi xuống đất. Bạn sẵn sàng làm hoà, hoặc còn cay cú mãi về một chuyện đã qua lâu.",Cãi nhau tới mức tổn thương nhau. Ai cũng muốn mình đúng.,Cạnh tranh không đẹp. Cân nhắc có đáng đánh đổi không.,Có những cuộc thắng làm bạn nghèo đi.
swords-06,Kiếm,6,Sáu Kiếm,Six of Swords,"Rời đi, chuyển tiếp, sang bờ khác","Người lái đò chở một phụ nữ và đứa trẻ, sáu thanh kiếm cắm trên thuyền. Nước bên này động, bên kia phẳng lặng. Bạn đang rời khỏi một quãng khó để sang chỗ yên hơn, chưa hết buồn nhưng hướng đi đã đúng.","Thuyền mắc cạn. Bạn muốn đi mà chưa đi được, hoặc mang theo cả gánh cũ sang chỗ mới.",Bước qua một chuyện cũ. Nhẹ dần theo thời gian.,"Chuyển việc, chuyển nơi ở. Thay đổi này là cần thiết.","Đi thì đi, nhưng đừng vác hết hành lý cũ theo."
swords-07,Kiếm,7,Bảy Kiếm,Seven of Swords,"Giấu giếm, mánh khoé, không thật thà","Người đàn ông ôm năm thanh kiếm rón rén rời khỏi doanh trại, còn hai thanh cắm lại phía sau. Ông ngoái đầu nhìn mà vẫn bước. Có ai đó đang không nói hết, và cũng có thể là chính bạn.","Kiếm tuột khỏi tay. Việc giấu bị lộ, hoặc bạn quyết định thú nhận. Cũng có khi là lấy lại được thứ đã mất.",Có điều giấu nhau. Lòng tin đang bị thử.,Coi chừng người không thẳng thắn quanh bạn. Giữ giấy tờ cho rõ.,Đường tắt hôm nay thường là đường vòng của ngày mai.
swords-08,Kiếm,8,Tám Kiếm,Eight of Swords,"Tự trói, bất lực, thấy hết đường","Người phụ nữ bị bịt mắt và quấn dây giữa tám thanh kiếm cắm quanh. Nhìn kỹ thì dây lỏng, chân không bị trói, và phía trước còn khoảng trống. Bạn thấy mình kẹt, nhưng thứ trói bạn phần lớn là suy nghĩ của chính bạn.","Dây được gỡ ra. Bạn nhìn thấy lối thoát, hoặc kẹt sâu hơn vì cứ ngồi yên.",Cảm thấy mắc kẹt trong mối quan hệ. Bạn có nhiều lựa chọn hơn bạn nghĩ.,"Thấy không còn đường nào. Hỏi người ngoài, họ sẽ chỉ chỗ bạn không thấy.","Tháo mảnh vải trên mắt ra trước đã, rồi tính tiếp."
swords-09,Kiếm,9,Chín Kiếm,Nine of Swords,"Lo âu, mất ngủ, nghĩ quá nhiều","Người ngồi bật dậy giữa đêm, hai tay ôm mặt, chín thanh kiếm treo trên tường sau lưng. Chăn thêu hình hoa hồng và các cung hoàng đạo. Nỗi lo đang ở trong đầu bạn chứ không phải ngoài đời, và nửa đêm nó luôn to hơn sự thật.","Người ấy buông tay xuống. Nỗi lo dịu đi, hoặc bạn nói ra được với ai đó. Đêm dài đang qua.",Lo sợ mất người kia tới mức tự làm khổ mình.,Áp lực công việc đè lên giấc ngủ. Chia nhỏ vấn đề ra.,Chuyện trong đầu lúc ba giờ sáng thường không đúng như nó tỏ ra.
swords-10,Kiếm,10,Mười Kiếm,Ten of Swords,"Chạm đáy, kết thúc đau, hết nạn","Người nằm sấp với mười thanh kiếm cắm trên lưng, nhưng phía chân trời đã có vệt sáng. Đến mức này thì không còn xuống được nữa. Một chuyện vừa khép lại theo cách dứt khoát nhất.","Kiếm rút ra từng cái. Bạn đang gượng dậy, chuyện tệ nhất đã qua. Hoặc cố kéo dài một thứ đã chết hẳn.",Một mối quan hệ chấm dứt hoàn toàn. Không cứu được nữa.,Thất bại nặng hoặc mất việc. Từ đây chỉ có đi lên.,Chạm đáy cũng là lúc bạn đạp chân xuống mà bật lên.
swords-11,Kiếm,11,Tiểu Đồng Kiếm,Page of Swords,"Tò mò, dò hỏi, tin tức","Cậu thiếu niên đứng trên gò, giơ kiếm và ngoái nhìn sau lưng, tóc và mây đều bị gió thổi tốc. Người này luôn muốn biết thêm và không ngại hỏi câu khó. Có tin tức đang tới, nhưng cần kiểm lại.","Kiếm chúc xuống. Nói nhiều hơn nghĩ, hoặc tọc mạch chuyện người khác. Tin đồn không đáng tin.",Nhiều câu hỏi chưa được trả lời. Hỏi thẳng thay vì dò xét.,Cần học và tìm hiểu thêm trước khi làm. Đừng ngại hỏi.,"Hỏi là tốt, nhưng nhớ nghe câu trả lời."
swords-12,Kiếm,12,Hiệp Sĩ Kiếm,Knight of Swords,"Lao tới, nói thẳng, vội vàng","Ngựa phi hết tốc lực, hiệp sĩ chúi người về trước, kiếm giơ thẳng, cây cối sau lưng đều nghiêng theo gió. Người này lao vào với đầy đủ lý lẽ nhưng không kịp nhìn hai bên.","Ngựa khựng lại. Hung hăng gây đổ vỡ, hoặc mất hết đà và chững lại.",Một người thẳng tính tới mức làm đau. Nói chậm lại một nhịp.,"Quyết nhanh và làm nhanh, nhưng dễ sót chi tiết quan trọng.","Nhanh thì tốt, miễn là bạn biết mình đang lao về đâu."
swords-13,Kiếm,13,Hoàng Hậu Kiếm,Queen of Swords,"Sắc sảo, rạch ròi, từng trải","Bà ngồi thẳng, kiếm dựng đứng trong tay phải, tay trái chìa ra như mời nói chuyện. Mây dưới chân ngai đã tan. Người này đi qua nhiều chuyện nên nhìn rất rõ và nói rất thẳng. Nghe thì lạnh, thật ra chỉ là hết tự dối mình.","Kiếm hạ xuống ngang. Cay nghiệt, hoặc dựng tường quá cao vì sợ tổn thương lần nữa.",Cần rõ ràng và giữ ranh giới. Đừng để lòng tốt bị lợi dụng.,"Nhìn vấn đề tỉnh táo, không bị cảm xúc dẫn. Hợp việc phân tích.",Rạch ròi không làm bạn thành người lạnh lùng.
swords-14,Kiếm,14,Vua Kiếm,King of Swords,"Lý trí, công tâm, quyết đoán","Ông ngồi nhìn thẳng, kiếm hơi nghiêng sang phải, hai con bướm chạm trên lưng ngai. Người này quyết bằng lý lẽ và giữ nguyên tắc tới cùng. Việc trước mặt cần sự khách quan hơn là sự cảm thông.","Kiếm chĩa xuống. Lạnh lùng, áp đặt bằng lý lẽ, hoặc lạm dụng vị trí của mình.",Cần lý trí lúc này. Bàn cho ra lẽ thay vì tranh hơn thua.,"Thích hợp cho việc pháp lý, thương lượng, phân xử.",Lý lẽ đúng vẫn cần một chút tình thì người ta mới nghe.
pents-01,Tiền,1,Át Tiền,Ace of Pentacles,"Cơ hội vật chất, hạt giống, nền móng","Bàn tay từ mây nâng một đồng tiền vàng, bên dưới là vườn hoa huệ và một cổng vòm mở ra núi xa. Một cơ hội cụ thể về tiền bạc hoặc công việc đang tới tay bạn, không hào nhoáng nhưng chắc và xây lên được.","Tay buông ra, đồng tiền rơi mất. Cơ hội trôi mất vì bạn chần chừ, hoặc một khoản đầu tư không như mong đợi.","Có nền tảng thực tế, không chỉ là cảm xúc.","Việc mới, nguồn thu mới, hoặc vốn để bắt đầu. Nắm lấy.",Cơ hội tốt thường trông rất bình thường lúc mới tới.
pents-02,Tiền,2,Hai Tiền,Two of Pentacles,"Xoay xở, cân đối, nhiều việc một lúc","Chàng trai tung hứng hai đồng tiền nối nhau bằng dải vô cực, sau lưng là hai con thuyền nhấp nhô trên sóng lớn. Bạn đang cùng lúc giữ nhiều thứ và vẫn giữ được, nhưng sóng phía sau nhắc rằng không giữ được mãi.","Một đồng rơi xuống. Quá tải, thu chi mất cân đối, việc nọ đè việc kia.",Chia thời gian cho người kia chưa hợp lý.,Nhiều việc cùng lúc. Sắp thứ tự trước khi có thứ rơi.,Tung hứng giỏi đến mấy cũng có lúc phải đặt bớt xuống.
pents-03,Tiền,3,Ba Tiền,Three of Pentacles,"Hợp lực, tay nghề, được ghi nhận","Người thợ đá đứng trên ghế làm việc, hai người cầm bản vẽ đứng nghe. Mỗi người giỏi một phần và việc này cần cả ba. Tay nghề của bạn đang được nhìn nhận. Đừng ôm hết vào mình.","Bản vẽ gấp lại. Làm việc nhóm trục trặc, hoặc công sức không ai nhìn thấy. Cũng có khi là làm cho xong.",Hai người cùng xây một thứ chung. Cần chia việc rõ ràng.,Được đánh giá cao về chuyên môn. Cơ hội hợp tác tốt.,"Một mình nhanh hơn, nhưng cùng nhau mới đi xa."
pents-04,Tiền,4,Bốn Tiền,Four of Pentacles,"Giữ chặt, tiết kiệm, sợ mất","Người đàn ông ôm chặt một đồng tiền vào ngực, đội một đồng trên đầu, giẫm hai đồng dưới chân. Ông giữ kỹ tới mức không cử động được. Bạn đang nắm rất chặt thứ mình có, an toàn thì có nhưng cũng không nhận thêm được gì.","Tay nới ra. Bạn bắt đầu cho đi, hoặc ngược lại, tiêu hoang sau một thời gian kìm nén.","Giữ người kia quá chặt, hoặc khép lòng không cho ai vào.","Giữ tiền là đúng lúc này, nhưng đừng bỏ lỡ cơ hội đáng đầu tư.",Nắm chặt quá thì tay không mở ra nhận được gì nữa.
pents-05,Tiền,5,Năm Tiền,Five of Pentacles,"Thiếu thốn, bị bỏ rơi, khó khăn","Hai người đi chân trần trong tuyết, một người chống nạng, ngang qua ô cửa kính màu sáng đèn mà không ai ngẩng lên nhìn. Bạn đang chật vật về tiền bạc hoặc sức khoẻ, kèm cảm giác không ai đứng cùng. Nhưng chỗ sáng vẫn ở ngay cạnh.","Hai người bước vào trong. Khó khăn đang qua, có người chìa tay ra. Hoặc bạn tự cô lập nên không ai giúp được.",Cảm thấy cô đơn ngay trong mối quan hệ. Nói ra đi.,"Thu nhập giảm hoặc mất việc. Đây là lúc nhờ vả, không phải lúc sĩ diện.",Cửa vẫn sáng ngay bên cạnh. Chỉ là bạn đang không ngẩng lên.
pents-06,Tiền,6,Sáu Tiền,Six of Pentacles,"Cho và nhận, giúp đỡ, sòng phẳng","Người giàu một tay cầm cân một tay thả tiền cho hai người quỳ dưới. Cái cân mới là chi tiết đáng chú ý, vì nó đo xem cho bao nhiêu là đủ. Đang có sự trao đổi qua lại giữa bạn và ai đó.","Cân lệch. Cho đi mà kèm điều kiện, hoặc nhận mãi mà không trả. Quan hệ đang nghiêng hẳn về một bên.","Một bên luôn cho, một bên luôn nhận. Cần chỉnh lại.","Có người giúp đỡ, hoặc đến lượt bạn giúp người khác. Tiền bạc ổn lên.","Hôm nay bạn cho, ngày khác bạn nhận. Đừng đếm quá kỹ."
pents-07,Tiền,7,Bảy Tiền,Seven of Pentacles,"Chờ mùa, kiên nhẫn, xem lại","Người nông dân tì cằm lên cán cuốc, nhìn bụi cây đã kết sáu đồng tiền, một đồng nằm dưới chân. Ông không hái, ông đang tính. Bạn đang ở quãng đánh giá xem công sức bỏ ra có sinh lợi không.","Ông bỏ cuốc đi. Sốt ruột muốn hái non, hoặc nhận ra đã đầu tư vào chỗ không sinh lời.",Cần thêm thời gian mới rõ. Đừng ép.,Kết quả chưa tới ngay. Xem lại cách làm rồi kiên nhẫn thêm.,Cây chưa ra quả không có nghĩa là bạn trồng sai.
pents-08,Tiền,8,Tám Tiền,Eight of Pentacles,"Rèn nghề, chăm chỉ, làm kỹ","Người thợ cặm cụi khắc đồng tiền thứ tám, bảy đồng đã xong treo ngay ngắn bên cạnh, thành phố ở phía xa. Anh ta không nhìn đi đâu khác, và bạn đang giỏi lên theo đúng cách đó, nhờ lặp đi lặp lại chứ không nhờ may mắn.","Đồng tiền khắc hỏng. Làm cho xong, chất lượng đi xuống. Hoặc chán việc mình đang làm.","Cần vun vén mỗi ngày, không có đường tắt.","Học nghề, nâng tay nghề. Sự chăm chỉ sẽ được trả công.","Giỏi là thứ tích cóp từng ngày, không ai cho không."
pents-09,Tiền,9,Chín Tiền,Nine of Pentacles,"Tự lập, dư dả, hưởng thành quả","Người phụ nữ đứng trong vườn nho chín, con chim ưng đậu trên tay đeo găng, ngôi nhà ở phía sau. Con chim được huấn luyện, nghĩa là bà tự làm chủ cả thứ hoang dã trong mình. Bạn đứng được bằng chân mình và có quyền hưởng thứ tự tay gây dựng.","Vườn nho bỏ hoang. Phụ thuộc người khác về tài chính, hoặc có đủ đầy mà vẫn thấy cô đơn.",Tự tin và độc lập. Không cần ai để thấy mình đủ.,Ổn định tài chính. Thành quả của nhiều năm tích luỹ.,Bạn tự làm ra thứ này. Cứ hưởng cho thoải mái.
pents-10,Tiền,10,Mười Tiền,Ten of Pentacles,"Bền vững, gia sản, lâu dài","Ba thế hệ trong một sân nhà, ông già ngồi với hai con chó, đôi vợ chồng và đứa trẻ đứng gần. Mười đồng tiền rải khắp tranh. Thứ bạn đang xây không chỉ cho mình. Nó còn để lại cho người sau, và đó mới là chỗ đáng giá.","Sân nhà vắng người. Tranh chấp tài sản, hoặc gánh nặng gia đình. Cũng có khi thứ tưởng ổn định đang lung lay.","Hướng tới lâu dài, có sự đồng thuận của gia đình.","Đầu tư dài hạn, tài sản lớn, chuyện thừa kế.",Thứ đáng xây là thứ còn lại sau khi bạn đi.
pents-11,Tiền,11,Tiểu Đồng Tiền,Page of Pentacles,"Học việc, dự định mới, chăm chỉ","Cậu thiếu niên nâng đồng tiền lên ngang mắt và ngắm nghía, đứng giữa đồng cỏ xanh. Cậu chưa làm gì cả, mới đang học cách nhìn. Bạn đang bắt đầu một việc nhỏ nhưng nghiêm túc, chẳng hạn đi học, nhận việc mới, hay tập để dành.","Cậu đánh rơi đồng tiền. Bỏ dở việc học, hoặc dự định mãi không bắt đầu. Cũng có khi là tiêu tiền thiếu tính toán.","Giai đoạn tìm hiểu, từ từ mà chắc.",Cơ hội học nghề hoặc một việc mới. Chịu khó thì sẽ tiến.,"Bắt đầu nhỏ cũng được, miễn là bắt đầu thật."
pents-12,Tiền,12,Hiệp Sĩ Tiền,Knight of Pentacles,"Chậm mà chắc, đáng tin, bền bỉ","Con ngựa đen đứng yên hoàn toàn, hiệp sĩ nâng đồng tiền và nhìn nó, phía sau là ruộng đã cày xong. Trong cả bộ bài, chỉ mình hiệp sĩ này đứng yên. Người này không nhanh và không hoa mỹ, nhưng làm là tới nơi.","Ngựa đứng mãi không đi. Trì trệ, bảo thủ, làm hoài một cách cũ. Hoặc chậm tới mức lỡ mất cơ hội.",Một người đáng tin nhưng hơi thiếu bất ngờ. Bền thì rất bền.,Tiến chậm nhưng không lùi. Giữ nhịp là được.,Chậm không phải là vấn đề. Dừng hẳn mới là.
pents-13,Tiền,13,Hoàng Hậu Tiền,Queen of Pentacles,"Chu toàn, vun vén, thực tế","Bà ngồi trên ngai chạm đầy hoa trái và dê, ôm đồng tiền trong lòng như ôm một đứa trẻ, con thỏ nhảy ở góc tranh. Người này lo được cho cả nhà mà vẫn giữ được việc của mình. Sự ấm áp ở đây thể hiện bằng việc làm chứ không bằng lời.","Đồng tiền đặt xuống đất. Lo cho người khác tới mức quên bản thân, hoặc quá đặt nặng chuyện tiền nong.",Một người biết chăm sóc và biết lo xa. Đáng để dựa vào.,Quản lý tốt tiền bạc và công việc. Cân được cả hai bên.,Lo cho người khác thì nhớ chừa lại phần cho mình.
pents-14,Tiền,14,Vua Tiền,King of Pentacles,"Vững vàng, thành đạt, rộng rãi","Ông ngồi giữa giàn nho trĩu quả, áo thêu đầy chùm nho, toà lâu đài phía sau là thứ ông tự xây. Người này đã dựng xong nền móng và giờ đủ sức nâng người khác. Thành công ở đây đến từ nhiều năm bền bỉ, không từ một cú may.","Giàn nho héo. Bủn xỉn, hoặc lấy tiền bạc làm thước đo cho mọi thứ. Cũng có khi là bảo thủ trong làm ăn.","Một người vững chãi, lo được. Có nền tảng thực tế.","Làm ăn thuận lợi, đầu tư sinh lời. Có thể dẫn dắt người khác.",Có rồi thì mở tay ra. Đó mới là chỗ tiền có giá trị nhất.
