ky,muc,cung,thu_tu,noi_dung
ngay,tong_quan,aries,0,"Máu lửa trong người đang lên cao. Đây là ngày hợp để bắt đầu thứ bạn hoãn mãi, nhưng nhớ nhìn xuống chân trước khi nhảy."
ngay,tong_quan,aries,1,"Có người sẽ nói điều làm bạn nóng mặt. Đếm tới ba trước khi đáp lại, chỉ ba giây thôi là đủ đổi cả cục diện."
ngay,tong_quan,aries,2,"Việc gì tới tay hôm nay cũng xong nhanh. Tận dụng buổi sáng, chiều tối sức bạn tụt rõ."
ngay,tong_quan,aries,3,Bạn đang muốn quyết một chuyện lớn. Hôm nay hỏi thêm một người nữa rồi hẵng chốt.
ngay,tong_quan,aries,4,"Ai đó chậm hơn bạn và điều đó làm bạn bực. Họ không sai, chỉ là không cùng nhịp."
ngay,tong_quan,aries,5,Một cơ hội tới bất ngờ và không chờ bạn cân nhắc lâu. Lần này cứ tin bụng mình.
ngay,tong_quan,aries,6,Hôm nay bạn dễ nói ra điều lúc bình thường giữ lại được. Nghĩ xem câu đó có cần nói không.
ngay,tong_quan,aries,7,"Sức bạn đang dồi dào nhưng đang rải ra quá nhiều chỗ. Chọn một việc, làm cho xong."
ngay,tong_quan,aries,8,Có chuyện cũ quay lại đòi bạn giải quyết. Lần này đừng né nữa.
ngay,tong_quan,aries,9,"Người khác đang chờ bạn đi trước. Bạn vốn giỏi phần đó, cứ bước đi."
ngay,tong_quan,aries,10,"Một lời khen tới từ chỗ bạn không ngờ. Nhận cho tử tế, đừng gạt đi."
ngay,tong_quan,aries,11,Hôm nay thắng được một cuộc tranh luận mà mất một người bạn thì không đáng. Cân nhắc.
ngay,tong_quan,taurus,0,"Nhịp chậm của bạn hôm nay lại là lợi thế. Trong khi người khác vội, bạn thấy được chỗ họ bỏ sót."
ngay,tong_quan,taurus,1,Có người giục bạn quyết nhanh. Bạn không nợ ai một câu trả lời ngay lập tức.
ngay,tong_quan,taurus,2,Một khoản chi đang nằm trong đầu bạn mấy hôm nay. Hôm nay là ngày tốt để tính cho ra nhẽ.
ngay,tong_quan,taurus,3,Bạn đang giữ chặt một thứ đã hết cần giữ. Buông ra nhẹ hơn bạn tưởng.
ngay,tong_quan,taurus,4,Hôm nay hợp với những việc làm bằng tay và nhìn thấy kết quả ngay. Dọn nhà cũng tính.
ngay,tong_quan,taurus,5,"Ai đó thay đổi kế hoạch vào phút chót và bạn khó chịu. Khó chịu là đúng, nhưng đừng để nó kéo cả ngày."
ngay,tong_quan,taurus,6,Một bữa ăn ngon hoặc một giấc ngủ đủ sẽ sửa được phần lớn thứ đang làm bạn nặng đầu.
ngay,tong_quan,taurus,7,Bạn bướng ở chỗ không đáng bướng. Nghe hết câu của người ta rồi hẵng cãi.
ngay,tong_quan,taurus,8,"Thứ bạn xây lâu nay đang bắt đầu có hình. Người khác chưa thấy, nhưng bạn thấy."
ngay,tong_quan,taurus,9,"Hôm nay có người nhờ vả. Giúp được thì giúp, nhưng đừng nhận quá sức."
ngay,tong_quan,taurus,10,Cái cũ kỹ trong thói quen của bạn đang cản đường. Thử một cách khác đúng một lần.
ngay,tong_quan,taurus,11,"Tiền vào hoặc tin về tiền. Đừng tiêu ngay, để qua đêm rồi tính."
ngay,tong_quan,taurus,12,Người thân cần bạn có mặt hơn là cần bạn lo liệu. Ngồi xuống với họ.
ngay,tong_quan,gemini,0,"Đầu bạn chạy nhanh hơn miệng hôm nay, mà miệng bạn vốn đã nhanh. Nói ít đi một chút."
ngay,tong_quan,gemini,1,Một cuộc trò chuyện tình cờ mở ra thứ bạn đang tìm. Để ý người bạn ít khi nói chuyện cùng.
ngay,tong_quan,gemini,2,"Bạn đang mở quá nhiều việc cùng lúc. Đóng bớt hai cái, giữ lại cái đáng."
ngay,tong_quan,gemini,3,Có tin tới và bạn muốn kể lại ngay. Kiểm xem đã đúng chưa đã.
ngay,tong_quan,gemini,4,Hôm nay hợp để học hoặc đọc thứ gì đó mới. Não bạn đang bắt sóng tốt.
ngay,tong_quan,gemini,5,"Ai đó cần bạn ngồi yên và nghe hết, không chen vào. Khó với bạn, nhưng làm được."
ngay,tong_quan,gemini,6,"Bạn thấy chán một việc đang làm dở. Cố nốt hôm nay, mai nhìn lại sẽ khác."
ngay,tong_quan,gemini,7,Một lời nói đùa của bạn có thể làm người ta nghĩ ngợi. Để ý nét mặt họ.
ngay,tong_quan,gemini,8,Có hai lựa chọn và bạn muốn cả hai. Hôm nay buộc phải chọn một.
ngay,tong_quan,gemini,9,Bạn đang tránh một cuộc nói chuyện khó. Nó sẽ không tự dễ đi.
ngay,tong_quan,gemini,10,Việc giấy tờ hoặc liên lạc hôm nay dễ sót. Đọc lại trước khi gửi.
ngay,tong_quan,cancer,0,Lòng bạn hôm nay nặng hơn mức việc đáng. Chuyện có thể không tệ như bạn đang nghĩ.
ngay,tong_quan,cancer,1,Một người cũ nhắc tới bạn. Tin đó làm bạn vui hơn bạn chịu thừa nhận.
ngay,tong_quan,cancer,2,Nhà cửa và người nhà là chỗ bạn nên dồn sức hôm nay. Mấy chuyện ngoài kia chờ được.
ngay,tong_quan,cancer,3,"Bạn đang giữ trong bụng một câu chưa nói. Nói ra đi, giữ thêm nữa là thành vết."
ngay,tong_quan,cancer,4,"Có người cần bạn chăm sóc, nhưng hôm nay bạn mới là người cần được chăm."
ngay,tong_quan,cancer,5,"Một chuyện nhỏ chạm vào ký ức cũ. Nhận ra là nó cũ, rồi đi tiếp."
ngay,tong_quan,cancer,6,Trực giác bạn hôm nay nhạy. Thứ bạn linh cảm về một người thường là đúng.
ngay,tong_quan,cancer,7,"Bạn nhớ dai, và điều đó đang làm bạn mệt. Có chuyện đáng để quên."
ngay,tong_quan,cancer,8,"Ai đó nói một câu vô tâm. Họ không có ý gì cả, thật đấy."
ngay,tong_quan,cancer,9,"Hôm nay hợp để nấu ăn, dọn dẹp, hoặc gọi về cho bố mẹ."
ngay,tong_quan,cancer,10,Bạn muốn rút vào vỏ. Cho mình nửa ngày yên rồi hẵng quay ra.
ngay,tong_quan,cancer,11,Một khoản tiết kiệm hoặc một chuyện liên quan tới nhà cửa có tiến triển.
ngay,tong_quan,leo,0,"Hôm nay có người nhìn vào bạn. Cứ là chính mình, bạn không cần diễn."
ngay,tong_quan,leo,1,Một lời khen bạn đang chờ có thể không tới. Điều đó không làm việc bạn làm kém đi.
ngay,tong_quan,leo,2,Bạn rộng rãi tới mức quên phần mình. Giữ lại một chút cho bản thân.
ngay,tong_quan,leo,3,"Có chuyện chạm vào sĩ diện. Bỏ qua được thì bỏ, nó nhỏ hơn bạn đang thấy."
ngay,tong_quan,leo,4,Hôm nay hợp để đứng ra cầm trịch một việc. Người khác đang chờ ai đó làm việc đó.
ngay,tong_quan,leo,5,Ai đó cần bạn nhường sân khấu. Nhường một lần không mất gì.
ngay,tong_quan,leo,6,Bạn đang tiêu nhiều hơn mức cần để trông cho đẹp. Cân lại.
ngay,tong_quan,leo,7,Một người trẻ hơn hoặc ít kinh nghiệm hơn cần bạn chỉ đường. Cho họ thời gian.
ngay,tong_quan,leo,8,Năng lượng bạn hôm nay kéo được cả nhóm. Dùng nó vào việc đáng.
ngay,tong_quan,leo,9,"Có lời phê bình và bạn nghe ra là chê bai. Nghe lại lần nữa, có khi họ đang giúp."
ngay,tong_quan,leo,10,"Hôm nay nên làm một việc cho vui, không vì ai nhìn thấy cả."
ngay,tong_quan,leo,11,Chuyện tình cảm có tin tốt. Chủ động một bước là xong.
ngay,tong_quan,virgo,0,"Bạn đang thấy mọi chỗ cần sửa. Hôm nay sửa đúng một chỗ thôi, chỗ quan trọng nhất."
ngay,tong_quan,virgo,1,Một chi tiết nhỏ bạn phát hiện ra cứu được cả việc lớn. Nói ra cho người ta biết.
ngay,tong_quan,virgo,2,Bạn khắt khe với chính mình hơn mức cần. Thứ bạn làm hôm qua đã đủ tốt.
ngay,tong_quan,virgo,3,Có người làm ẩu và bạn phải dọn. Nói thẳng một lần còn hơn im rồi ấm ức.
ngay,tong_quan,virgo,4,"Hôm nay hợp để sắp xếp lại thứ đang lộn xộn. Giấy tờ, tủ đồ, danh sách việc."
ngay,tong_quan,virgo,5,"Bạn lo một chuyện chưa xảy ra. Viết nó ra giấy, nhìn vào sẽ thấy nó bé hơn."
ngay,tong_quan,virgo,6,Sức khoẻ cần được để ý. Thứ bạn vẫn hoãn khám thì hôm nay đặt lịch đi.
ngay,tong_quan,virgo,7,Một lời góp ý của bạn vào tai người khác nặng hơn bạn tưởng. Nói mềm hơn một nhịp.
ngay,tong_quan,virgo,8,Việc bạn làm âm thầm lâu nay hôm nay có người nhìn thấy.
ngay,tong_quan,virgo,9,Bạn đang chờ mọi thứ hoàn hảo rồi mới bắt đầu. Bắt đầu lúc còn chưa hoàn hảo đi.
ngay,tong_quan,libra,0,"Bạn đang cân nhắc quá lâu một chuyện. Chọn đại một bên, cả hai đều sống được."
ngay,tong_quan,libra,1,"Có người làm bạn khó xử và bạn đang chiều để yên chuyện. Yên hôm nay, mệt ngày mai."
ngay,tong_quan,libra,2,Hôm nay hợp để làm lành. Một tin nhắn ngắn là đủ.
ngay,tong_quan,libra,3,Bạn thấy mình đang gánh phần của người khác. Trả lại cho họ.
ngay,tong_quan,libra,4,"Cái đẹp hôm nay chữa được tâm trạng bạn. Dọn bàn, mua hoa, nghe nhạc gì đó tử tế."
ngay,tong_quan,libra,5,Có hai bên và ai cũng muốn bạn đứng về phía họ. Bạn được quyền đứng ngoài.
ngay,tong_quan,libra,6,Một chuyện hợp tác có tiến triển. Nhớ ghi lại cho rõ ai làm gì.
ngay,tong_quan,libra,7,Bạn nhịn mãi và sắp bật. Nói ra lúc còn nhẹ thì nó còn là lời nói.
ngay,tong_quan,libra,8,Người ấy đang chờ bạn chủ động. Họ sẽ không nói ra đâu.
ngay,tong_quan,libra,9,Hôm nay bạn dễ bị cuốn theo ý người khác. Hỏi lại xem mình thật sự muốn gì.
ngay,tong_quan,scorpio,0,Bạn đang nghi một chuyện. Hỏi thẳng còn hơn ngồi ghép các mảnh lại với nhau.
ngay,tong_quan,scorpio,1,Có thứ bạn giữ kín lâu nay. Hôm nay có người đáng để bạn kể.
ngay,tong_quan,scorpio,2,"Trực giác bạn đúng, nhưng cách bạn định phản ứng thì hơi quá tay."
ngay,tong_quan,scorpio,3,Một chuyện cũ bạn tưởng đã xong lại ngoi lên. Lần này khép cho hẳn.
ngay,tong_quan,scorpio,4,Hôm nay bạn nhìn thấu người đối diện. Biết rồi thì không nhất thiết phải nói ra.
ngay,tong_quan,scorpio,5,Bạn đang nắm chặt một chuyện không còn đáng nắm. Thả tay là nhẹ ngay.
ngay,tong_quan,scorpio,6,"Có người thử lòng tin của bạn. Cho họ một cơ hội nữa, nhưng chỉ một."
ngay,tong_quan,scorpio,7,Việc cần đào sâu và kiên nhẫn hôm nay hợp với bạn hơn ai hết.
ngay,tong_quan,scorpio,8,Bạn im lặng và người kia hiểu thành giận. Nói một câu cho rõ.
ngay,tong_quan,scorpio,9,Tiền bạc hoặc chuyện chung đụng tài sản cần bạn nhìn kỹ hôm nay.
ngay,tong_quan,scorpio,10,Một thay đổi bạn vẫn sợ hoá ra lại là lối ra. Dám nghĩ tới nó đi.
ngay,tong_quan,sagittarius,0,Bạn muốn đi đâu đó. Nếu chưa đi xa được thì đổi đường về nhà cũng đỡ.
ngay,tong_quan,sagittarius,1,Lời bạn nói hôm nay thẳng quá mức cần thiết. Thật lòng không có nghĩa là nói hết.
ngay,tong_quan,sagittarius,2,Có cơ hội mở ra ở chỗ xa hoặc từ người lạ. Để ý.
ngay,tong_quan,sagittarius,3,Bạn đang hứa nhiều hơn mức giữ được. Rút bớt một lời là tử tế hơn.
ngay,tong_quan,sagittarius,4,Hôm nay hợp để học thứ gì đó chẳng liên quan tới công việc. Não bạn cần món đó.
ngay,tong_quan,sagittarius,5,Một ràng buộc đang làm bạn ngột. Nói ra thay vì lặng lẽ bỏ đi.
ngay,tong_quan,sagittarius,6,Người khác đang cần đúng sự lạc quan của bạn. Chia cho họ một ít.
ngay,tong_quan,sagittarius,7,Bạn bỏ dở mấy việc rồi. Chọn một cái quay lại làm nốt.
ngay,tong_quan,sagittarius,8,Tiền ra nhanh hơn tiền vào mấy hôm nay. Nhìn lại một lượt.
ngay,tong_quan,sagittarius,9,"Có người nói bạn vô tâm. Họ không hẳn sai, nghe thử xem."
ngay,tong_quan,capricorn,0,Bạn làm nhiều quá rồi. Hôm nay nghỉ sớm một buổi không ai sập cả.
ngay,tong_quan,capricorn,1,"Một việc bạn kiên trì lâu nay bắt đầu có kết quả. Chưa to, nhưng là thật."
ngay,tong_quan,capricorn,2,"Người nhà cần bạn có mặt, không cần bạn lo tiền. Hai thứ đó khác nhau."
ngay,tong_quan,capricorn,3,Bạn đang khắt khe với một người theo cách bạn khắt khe với mình. Họ không chịu nổi như bạn.
ngay,tong_quan,capricorn,4,"Hôm nay hợp để tính đường dài: kế hoạch, hợp đồng, chuyện vài năm nữa."
ngay,tong_quan,capricorn,5,Có người cấp trên hoặc lớn tuổi hơn để ý tới bạn. Chuyện này có lợi về sau.
ngay,tong_quan,capricorn,6,Bạn ngại nói lời tình cảm. Hôm nay nói một câu thôi cũng được.
ngay,tong_quan,capricorn,7,Một quy củ bạn đang giữ đã hết tác dụng. Dám bỏ nó đi.
ngay,tong_quan,capricorn,8,Việc nặng hôm nay cứ chia nhỏ ra. Bạn vốn giỏi phần đó.
ngay,tong_quan,capricorn,9,Thành quả của bạn ít người thấy. Điều đó không làm nó bớt thật.
ngay,tong_quan,aquarius,0,"Bạn nghĩ ra thứ chưa ai làm. Nói ra đi, đừng giữ trong đầu rồi tự thấy kỳ."
ngay,tong_quan,aquarius,1,"Có người cần bạn ở gần, mà bạn thì đang muốn ở một mình. Nói cho họ biết, đừng lặng lẽ rút."
ngay,tong_quan,aquarius,2,Hôm nay đám đông làm bạn mệt. Tìm chỗ yên nửa tiếng là người lại.
ngay,tong_quan,aquarius,3,"Một chuyện ai cũng làm theo cách cũ, bạn thấy cách khác tốt hơn. Thử trong phạm vi nhỏ trước."
ngay,tong_quan,aquarius,4,Bạn phân tích cảm xúc thay vì cảm nhận nó. Hôm nay cho phép mình cảm trước.
ngay,tong_quan,aquarius,5,Bạn bè hoặc một nhóm nào đó cần bạn. Có mặt một lúc thôi cũng đủ.
ngay,tong_quan,aquarius,6,Có thứ bạn làm vì nguyên tắc chứ không vì muốn. Hỏi lại nguyên tắc đó còn đúng không.
ngay,tong_quan,aquarius,7,"Hôm nay hợp với công nghệ, máy móc, hoặc thứ gì cần đầu óc lạnh."
ngay,tong_quan,aquarius,8,"Người ta hiểu nhầm ý bạn. Giải thích một lần, không cần hơn."
ngay,tong_quan,aquarius,9,Một kế hoạch dài hạn cần bạn ngồi xuống viết ra cho cụ thể.
ngay,tong_quan,pisces,0,Bạn thấm tâm trạng người xung quanh nhiều quá. Hôm nay giữ lại một phần cho mình.
ngay,tong_quan,pisces,1,Có người nhờ và bạn định gật cho xong. Nghĩ thêm một nhịp rồi hẵng trả lời.
ngay,tong_quan,pisces,2,"Trực giác bạn đang chỉ đúng hướng, chỉ là bạn chưa dám tin nó."
ngay,tong_quan,pisces,3,"Hôm nay hợp với thứ cần tưởng tượng: viết, vẽ, nhạc, hoặc chỉ là mơ cho ra chuyện."
ngay,tong_quan,pisces,4,Bạn đang trốn một việc thực tế. Làm xong nó mất ít thời gian hơn là né nó.
ngay,tong_quan,pisces,5,Một câu nói làm bạn tổn thương và bạn không nói ra. Người kia không hề biết.
ngay,tong_quan,pisces,6,Có chuyện buồn cũ ghé qua. Cho nó ngồi một lát rồi tiễn nó đi.
ngay,tong_quan,pisces,7,Bạn cho đi nhiều rồi. Hôm nay nhận một thứ mà đừng áy náy.
ngay,tong_quan,pisces,8,Giấc ngủ hôm nay quan trọng hơn mọi việc còn dở.
ngay,tong_quan,pisces,9,Ai đó thật lòng muốn giúp bạn. Để họ giúp.
ngay,tong_quan,pisces,10,Tiền bạc cần bạn tỉnh táo hơn thường lệ. Đừng quyết theo cảm giác.
ngay,tinh_cam,chung,0,Người ấy đang chờ bạn nói trước. Một câu ngắn thôi là đủ mở lời.
ngay,tinh_cam,chung,1,Có hiểu lầm nhỏ đang lớn dần vì không ai chịu hỏi lại. Hỏi đi.
ngay,tinh_cam,chung,2,Hôm nay hợp để dành thời gian cho nhau mà không ai cầm điện thoại.
ngay,tinh_cam,chung,3,Bạn đang đo tình cảm bằng những thứ không đo được. Thôi đếm đi.
ngay,tinh_cam,chung,4,"Nếu đang độc thân, hôm nay dễ gặp người hợp chuyện ở chỗ quen thuộc."
ngay,tinh_cam,chung,5,Một lời cảm ơn cho thứ người ấy vẫn làm mỗi ngày sẽ đáng giá hơn bạn tưởng.
ngay,tinh_cam,chung,6,Đừng mang chuyện công việc về nhà rồi trút lên người không liên quan.
ngay,tinh_cam,chung,7,Có chuyện cũ hai người tránh nhắc tới. Nhắc lúc cả hai đang bình tĩnh thì nó nhẹ.
ngay,tinh_cam,chung,8,"Bạn cần khoảng riêng, và điều đó không có nghĩa là bạn bớt thương ai."
ngay,tinh_cam,chung,9,"Người ấy hôm nay có chuyện riêng. Hỏi han một câu, đừng đoán."
ngay,tinh_cam,chung,10,"Một kỷ niệm cũ quay lại. Vui thì vui, nhưng đừng so với hiện tại."
ngay,tinh_cam,chung,11,Hợp để làm lành. Ai sai không quan trọng bằng ai chịu mở lời trước.
ngay,tinh_cam,chung,12,Chuyện tiến xa hơn đang chờ một người quyết. Nếu không phải họ thì là bạn.
ngay,cong_viec,chung,0,Việc khó nhất nên làm vào buổi sáng. Để tới chiều là nó không xong nữa.
ngay,cong_viec,chung,1,Có người sẽ nhờ bạn ôm thêm phần của họ. Từ chối được thì từ chối.
ngay,cong_viec,chung,2,Một chi tiết trong giấy tờ hôm nay cần đọc lại. Sót chỗ đó là phiền về sau.
ngay,cong_viec,chung,3,"Hợp để trao đổi, thương lượng, hoặc trình bày ý của mình."
ngay,cong_viec,chung,4,Bạn đang làm nhiều việc cùng lúc và không việc nào xong. Xếp thứ tự lại.
ngay,cong_viec,chung,5,Có cơ hội tới từ người bạn từng làm chung. Giữ liên lạc là có lý do.
ngay,cong_viec,chung,6,Hôm nay không phải ngày để quyết chuyện lớn. Thu thập thêm rồi mai hẵng chốt.
ngay,cong_viec,chung,7,"Công sức của bạn hôm nay có người ghi nhận, dù họ không nói ra."
ngay,cong_viec,chung,8,Một mâu thuẫn trong nhóm cần người đứng giữa. Bạn làm được việc đó.
ngay,cong_viec,chung,9,Tiền bạc nên tính kỹ hôm nay. Khoản nhỏ cộng lại thành khoản không nhỏ.
ngay,cong_viec,chung,10,Việc bạn hoãn mãi sẽ chỉ nặng thêm. Làm phần đầu tiên của nó thôi cũng được.
ngay,suc_khoe,chung,0,Ngủ sớm hơn thường lệ ba mươi phút. Người bạn đang đòi đúng thứ đó.
ngay,suc_khoe,chung,1,Ngồi lâu quá rồi. Đứng dậy đi một vòng mỗi tiếng.
ngay,suc_khoe,chung,2,Uống đủ nước. Nghe thì nhàm nhưng hôm nay đúng là bạn đang thiếu.
ngay,suc_khoe,chung,3,Đầu óc căng thì cơ thể cũng căng theo. Thở chậm vài nhịp.
ngay,suc_khoe,chung,4,Bữa sáng tử tế hôm nay đổi được cả buổi chiều.
ngay,suc_khoe,chung,5,Vận động nhẹ hợp hơn tập nặng. Đi bộ là đủ.
ngay,suc_khoe,chung,6,Mắt bạn mỏi vì nhìn màn hình. Nhìn ra xa mỗi hai mươi phút.
ngay,suc_khoe,chung,7,Có triệu chứng nhỏ bạn vẫn lờ đi. Hôm nay để ý tới nó.
ngay,suc_khoe,chung,8,Tâm trạng xuống không phải lúc nào cũng vì chuyện bên ngoài. Có khi chỉ là bạn mệt.
tuan,tong_quan,aries,0,"Tuần này mở ra nhanh và bạn là người châm ngòi. Đầu tuần cứ đẩy tới, nhưng từ giữa tuần nhớ ngoái lại xem có ai theo kịp không."
tuan,tong_quan,aries,1,"Có một chuyện bạn đã nhịn mấy tuần rồi. Tuần này nó sẽ bật ra, nên chọn lúc để nói thay vì để nó tự nổ."
tuan,tong_quan,aries,2,"Nhiều việc cùng đổ về. Tuần này ai sắp xếp được thứ tự thì thắng, mà bạn thì hay bỏ qua đúng khâu đó."
tuan,tong_quan,aries,3,Giữa tuần có người cản đường bạn. Đi vòng nhẹ nhàng hơn là húc thẳng.
tuan,tong_quan,aries,4,Tuần hợp để kết thúc một việc dang dở hơn là mở thêm việc mới.
tuan,tong_quan,aries,5,"Sức bạn tuần này lên xuống rõ. Dồn việc nặng vào đầu tuần, cuối tuần để dành cho nghỉ."
tuan,tong_quan,taurus,0,"Tuần này chậm mà chắc là đúng bài của bạn. Ai giục cũng mặc, bạn có nhịp riêng."
tuan,tong_quan,taurus,1,Chuyện tiền nong cần được nhìn lại một lượt trong tuần. Có khoản đang rò mà bạn chưa để ý.
tuan,tong_quan,taurus,2,"Giữa tuần có thay đổi ngoài dự tính. Khó chịu thật, nhưng nó không phá được thứ bạn đã dựng."
tuan,tong_quan,taurus,3,Tuần hợp để cải thiện chỗ ở và những thứ bạn dùng hằng ngày. Đầu tư vào đó không phí.
tuan,tong_quan,taurus,4,Có người muốn bạn nới tay. Nới một chút không làm bạn mất gì.
tuan,tong_quan,taurus,5,Cuối tuần là lúc thành quả mấy tuần qua bắt đầu hiện ra.
tuan,tong_quan,gemini,0,Tuần này lời nói của bạn có sức nặng hơn thường lệ. Dùng cho đúng chỗ.
tuan,tong_quan,gemini,1,"Nhiều tin tức và nhiều cuộc gặp. Vui thì vui, nhưng cuối tuần bạn sẽ thấy hụt hơi."
tuan,tong_quan,gemini,2,Có một việc bạn bỏ dở từ lâu. Tuần này là lúc hợp nhất để quay lại nó.
tuan,tong_quan,gemini,3,Giữa tuần dễ nói hớ. Đọc lại tin nhắn trước khi bấm gửi.
tuan,tong_quan,gemini,4,"Tuần hợp để học, thi, hoặc trình bày trước đám đông."
tuan,tong_quan,gemini,5,Bạn đang phân vân giữa hai hướng. Cuối tuần sẽ có thông tin giúp bạn chọn.
tuan,tong_quan,cancer,0,Tuần này chuyện nhà chiếm phần lớn tâm trí bạn. Giải quyết cho xong rồi hẵng tính chuyện ngoài.
tuan,tong_quan,cancer,1,"Có người cũ xuất hiện trở lại. Gặp hay không là quyền bạn, không ai ép."
tuan,tong_quan,cancer,2,Đầu tuần bạn dễ tủi vì chuyện không đáng. Giữa tuần nhìn lại sẽ thấy nhẹ.
tuan,tong_quan,cancer,3,Tuần hợp để nói ra điều bạn giữ trong bụng lâu nay với đúng người.
tuan,tong_quan,cancer,4,Một khoản liên quan tới nhà cửa hoặc gia đình có tiến triển trong tuần.
tuan,tong_quan,cancer,5,Bạn lo cho người khác cả tuần rồi. Cuối tuần dành trọn cho mình.
tuan,tong_quan,leo,0,Tuần này bạn được chú ý. Dùng sự chú ý đó để kéo người khác lên cùng chứ đừng chỉ để toả sáng.
tuan,tong_quan,leo,1,Có chuyện chạm vào lòng tự trọng giữa tuần. Phản ứng chậm một nhịp là giữ được nhiều thứ.
tuan,tong_quan,leo,2,Tuần hợp để đứng ra nhận một việc lớn. Người ta đang chờ ai đó bước lên.
tuan,tong_quan,leo,3,Tiêu pha tuần này dễ quá tay vì bạn muốn mọi thứ tươm tất. Đặt một hạn mức.
tuan,tong_quan,leo,4,Một lời công nhận bạn chờ đã lâu có thể tới trong tuần.
tuan,tong_quan,leo,5,"Cuối tuần dành cho thứ làm bạn vui thật, không phải thứ trông cho vui."
tuan,tong_quan,virgo,0,"Tuần này mắt bạn tinh hơn người khác. Chỗ bạn thấy sai thường là sai thật, nhưng chọn cách nói."
tuan,tong_quan,virgo,1,Việc tồn đọng chất lại khá nhiều. Tuần này dọn từng ít một thay vì đợi một ngày rảnh.
tuan,tong_quan,virgo,2,Giữa tuần bạn dễ căng vì mọi thứ không đúng ý. Hạ chuẩn xuống một bậc là sống dễ hơn hẳn.
tuan,tong_quan,virgo,3,"Tuần hợp để khám sức khoẻ, sắp xếp lại lịch sinh hoạt, hoặc bỏ một thói quen xấu."
tuan,tong_quan,virgo,4,"Có người nhờ bạn kiểm tra giúp. Giúp thì giúp, nhưng đừng làm hộ luôn."
tuan,tong_quan,virgo,5,Cuối tuần thành quả thầm lặng của bạn được nhìn thấy.
tuan,tong_quan,libra,0,"Tuần này bạn phải chọn, và không chọn cũng là một lựa chọn. Chọn sớm thì đỡ mệt."
tuan,tong_quan,libra,1,Có hai bên kéo bạn về hai phía. Tuần này tập nói không mà vẫn tử tế.
tuan,tong_quan,libra,2,Quan hệ hợp tác có tin tốt giữa tuần. Ghi rõ thoả thuận ngay lúc còn vui vẻ.
tuan,tong_quan,libra,3,"Bạn nhịn nhiều rồi. Tuần này nói ra một chuyện, chọn chuyện đáng nhất."
tuan,tong_quan,libra,4,Tuần hợp với những việc cần sự khéo léo và cân bằng giữa người với người.
tuan,tong_quan,libra,5,Cuối tuần hợp để làm lành hoặc nối lại một liên lạc đã nguội.
tuan,tong_quan,scorpio,0,"Tuần này có thứ lộ ra. Bạn vốn đã linh cảm từ trước, giờ chỉ là có bằng chứng."
tuan,tong_quan,scorpio,1,Bạn đang giữ một chuyện quá chặt. Tuần này thử kể cho một người bạn tin.
tuan,tong_quan,scorpio,2,Giữa tuần dễ nghi ngờ quá đà. Hỏi thẳng trước khi kết luận.
tuan,tong_quan,scorpio,3,"Tuần hợp với việc cần đào sâu, điều tra, hoặc dọn cho dứt một chuyện cũ."
tuan,tong_quan,scorpio,4,Chuyện tiền chung hoặc tài sản chung cần bạn nhìn kỹ trong tuần.
tuan,tong_quan,scorpio,5,"Cuối tuần một cánh cửa đóng lại, và đó là chuyện tốt."
tuan,tong_quan,sagittarius,0,Tuần này bạn muốn đi và nên đi. Dù chỉ là đổi chỗ làm việc một buổi.
tuan,tong_quan,sagittarius,1,Lời bạn nói trong tuần dễ làm ai đó đau mà bạn không biết. Để ý nét mặt người nghe.
tuan,tong_quan,sagittarius,2,Có cơ hội từ xa hoặc từ người lạ. Trả lời cái tin nhắn bạn đang để đó.
tuan,tong_quan,sagittarius,3,Giữa tuần bạn thấy bị trói. Nói ra thay vì biến mất.
tuan,tong_quan,sagittarius,4,Tuần hợp để học thứ mới hoặc lên kế hoạch cho một chuyến đi.
tuan,tong_quan,sagittarius,5,"Cuối tuần nhìn lại ví tiền một lượt, tuần này bạn tiêu tay trái."
tuan,tong_quan,capricorn,0,Tuần này việc chạy đúng kế hoạch nếu bạn không ôm thêm. Giữ nguyên danh sách ban đầu.
tuan,tong_quan,capricorn,1,Có người lớn tuổi hơn hoặc cấp trên để mắt tới bạn. Chuyện này có lợi về sau.
tuan,tong_quan,capricorn,2,Giữa tuần bạn mệt hơn mức chịu thừa nhận. Nghỉ một buổi không ai sập.
tuan,tong_quan,capricorn,3,"Tuần hợp để ký kết, chốt hợp đồng, hoặc tính chuyện vài năm nữa."
tuan,tong_quan,capricorn,4,Người nhà cần bạn có mặt chứ không cần bạn lo liệu thêm.
tuan,tong_quan,capricorn,5,Cuối tuần một việc bạn kiên trì lâu nay bắt đầu ra kết quả.
tuan,tong_quan,aquarius,0,Tuần này ý tưởng của bạn khác người và đúng. Vấn đề là trình bày sao cho người ta nghe.
tuan,tong_quan,aquarius,1,Bạn cần khoảng riêng nhiều hơn thường lệ. Nói trước cho người thân biết.
tuan,tong_quan,aquarius,2,Giữa tuần có việc nhóm cần bạn tham gia. Có mặt một lúc cũng đủ.
tuan,tong_quan,aquarius,3,"Tuần hợp với công nghệ, với thứ cần đầu óc lạnh, và với việc dọn lại hệ thống."
tuan,tong_quan,aquarius,4,Có người hiểu nhầm sự im lặng của bạn thành lạnh nhạt. Giải thích một câu.
tuan,tong_quan,aquarius,5,Cuối tuần hợp để ngồi xuống viết ra kế hoạch dài hạn cho cụ thể.
tuan,tong_quan,pisces,0,Tuần này bạn thấm tâm trạng của người xung quanh hơi nhiều. Giữ lại một phần cho mình.
tuan,tong_quan,pisces,1,"Có chuyện thực tế bạn đang trốn. Tuần này làm cho xong, nó nhỏ hơn bạn nghĩ."
tuan,tong_quan,pisces,2,"Trực giác bạn trong tuần rất nhạy. Tin nó, nhưng kiểm lại bằng con số."
tuan,tong_quan,pisces,3,Giữa tuần dễ bị nhờ vả quá sức. Tập nói lời từ chối.
tuan,tong_quan,pisces,4,Tuần hợp với việc cần tưởng tượng và cần lòng cảm thông.
tuan,tong_quan,pisces,5,Cuối tuần có người thật lòng muốn giúp. Để họ giúp.
tuan,tinh_cam,chung,0,"Tuần này hai người cần một buổi nói chuyện tử tế, không vội và không điện thoại."
tuan,tinh_cam,chung,1,Có chuyện cũ chưa khép lại. Nhắc tới lúc cả hai đang nhẹ nhõm thì nó dễ hơn nhiều.
tuan,tinh_cam,chung,2,"Nếu đang độc thân, giữa tuần là lúc dễ gặp người hợp chuyện nhất."
tuan,tinh_cam,chung,3,"Bạn và người ấy đang lệch nhịp. Không ai sai, chỉ là mỗi người đang bận một thứ."
tuan,tinh_cam,chung,4,Tuần này một hành động nhỏ nói được nhiều hơn một lời hứa lớn.
tuan,tinh_cam,chung,5,"Có người thứ ba nhiều chuyện quanh mối quan hệ của bạn. Nghe thì nghe, đừng tin ngay."
tuan,tinh_cam,chung,6,Chuyện tiến thêm một bước đang chờ một người mở lời. Cuối tuần là lúc hợp.
tuan,tinh_cam,chung,7,Giữ cho mình một khoảng riêng cũng là cách giữ cho quan hệ lâu bền.
tuan,cong_viec,chung,0,"Đầu tuần dồn sức cho việc khó, cuối tuần để dành cho giấy tờ và việc lặt vặt."
tuan,cong_viec,chung,1,Có người sẽ đẩy phần của họ sang bạn trong tuần. Vạch rõ ranh giới ngay từ đầu.
tuan,cong_viec,chung,2,Tuần này hợp để thương lượng. Chuẩn bị con số trước khi ngồi vào bàn.
tuan,cong_viec,chung,3,Một cơ hội tới từ mối quan hệ cũ. Nhắn hỏi thăm một người bạn lâu chưa gặp.
tuan,cong_viec,chung,4,Giữa tuần dễ có trục trặc liên lạc. Xác nhận lại mọi cuộc hẹn.
tuan,cong_viec,chung,5,Việc bạn làm âm thầm tuần này bắt đầu có người nhìn thấy.
tuan,cong_viec,chung,6,Tiền bạc tuần này nên tính theo tháng chứ không theo ngày. Ngồi xuống làm một bảng.
ngay,tinh_cam,chung,13,"Người ấy kể chuyện không phải để xin lời khuyên. Nghe hết đã, góp ý sau."
ngay,tinh_cam,chung,14,Có tin nhắn bạn đọc rồi để đó mấy hôm. Trả lời hôm nay đi.
ngay,tinh_cam,chung,15,Bạn đang so chuyện nhà mình với chuyện nhà người ta. Hai thứ đó không cùng đơn vị đo.
ngay,tinh_cam,chung,16,"Người nhà có ý kiến về chuyện riêng của bạn. Nghe cho phải phép, nhưng quyết vẫn là bạn."
ngay,tinh_cam,chung,17,Chuyện tiền giữa hai người nên nói rõ sớm. Để lâu nó biến thành chuyện khác.
ngay,tinh_cam,chung,18,Có một ngày quan trọng với người ấy mà bạn suýt quên. Kiểm lại lịch.
ngay,tinh_cam,chung,19,"Cơn ghen hôm nay tới từ chỗ bạn đang bất an, không phải từ việc họ làm."
ngay,tinh_cam,chung,20,Đừng hứa thứ mà tuần sau bạn phải nghĩ cách lách. Hứa ít thôi.
ngay,tinh_cam,chung,21,Xa nhau thì phải nói nhiều hơn chứ không phải ít đi. Gọi một cuộc.
ngay,tinh_cam,chung,22,"Một người cũ nhắn tin. Trả lời tử tế rồi khép lại, đừng mở thêm."
ngay,tinh_cam,chung,23,Im lặng của bạn đang bị hiểu thành giận. Nói ra là bạn chỉ đang mệt.
ngay,tinh_cam,chung,24,Hai người thể hiện tình cảm theo hai kiểu khác nhau. Không phải ai ít thương hơn ai.
ngay,tinh_cam,chung,25,Một bữa cơm nấu ở nhà hôm nay đáng hơn một chỗ sang trọng.
ngay,tinh_cam,chung,26,Người ấy đang kiệt sức. Hôm nay đừng đòi hỏi gì thêm.
ngay,tinh_cam,chung,27,Đừng thử lòng ai bằng cách im rồi chờ xem họ có hỏi không.
ngay,tinh_cam,chung,28,"Có câu khó nói bạn giữ mãi. Nói bằng giọng bình thường, nó không khó như bạn tưởng."
ngay,tinh_cam,chung,29,Rủ nhau đi đâu đó gần thôi cũng đủ đổi không khí giữa hai người.
ngay,cong_viec,chung,11,"Có chỗ bạn đang đoán ý người khác. Hỏi thẳng một câu, đỡ làm lại cả buổi."
ngay,cong_viec,chung,12,Đừng bấm gửi lúc đang bực. Viết xong để đó mười phút rồi đọc lại.
ngay,cong_viec,chung,13,Sếp hôm nay bận chuyện khác. Việc của bạn để mai trình bày thì được nghe kỹ hơn.
ngay,cong_viec,chung,14,Hôm nay hợp để học một thứ nhỏ trong nghề. Nửa tiếng cũng được.
ngay,cong_viec,chung,15,Có cuộc họp bạn ngồi vào mà không đóng góp gì. Xin vắng để làm việc khác.
ngay,cong_viec,chung,16,Ghi lại thứ vừa thống nhất. Tuần sau không ai nhớ giống ai đâu.
ngay,cong_viec,chung,17,Hạn chót bạn đang sợ là hạn bạn tự đặt. Kiểm lại xem có thật gấp không.
ngay,cong_viec,chung,18,"Người mới trong nhóm cần một câu chỉ đường. Bạn mất năm phút, họ đỡ hai ngày."
ngay,cong_viec,chung,19,"Có lời chê hôm nay nghe khó lọt tai. Lấy phần đúng, bỏ phần còn lại."
ngay,cong_viec,chung,20,Việc bạn làm tốt mà không ai biết thì cũng như chưa làm. Nói ra một cách tử tế.
ngay,cong_viec,chung,21,Sao lưu thứ bạn đang làm dở. Hôm nay là ngày hợp để cẩn thận.
ngay,cong_viec,chung,22,Nghỉ trưa cho ra nghỉ. Buổi chiều của bạn phụ thuộc vào đúng chỗ đó.
ngay,cong_viec,chung,23,Đừng sửa thứ đang chạy ngon chỉ vì bạn thấy nó chưa đẹp.
ngay,cong_viec,chung,24,"Có lỗi do bạn gây ra. Nhận sớm thì nó là chuyện nhỏ, giấu thì nó lớn lên."
ngay,cong_viec,chung,25,"Chuyện lương bổng nếu định nói thì chuẩn bị trước, đừng nói lúc tiện miệng."
ngay,cong_viec,chung,26,Một người ngoài nghề cho bạn góc nhìn mà người trong nghề không thấy. Chịu khó nghe.
ngay,cong_viec,chung,27,Làm xong phần của mình rồi hẵng bàn tới phần của người khác.
ngay,cong_viec,chung,28,Tắt thông báo một tiếng. Một tiếng yên tĩnh bằng ba tiếng bị ngắt quãng.
ngay,cong_viec,chung,29,Có việc dở dang từ tuần trước đang chắn đường. Dọn nó trước khi mở việc mới.
ngay,suc_khoe,chung,9,Cốc cà phê thứ ba hôm nay không giúp được gì. Đổi sang nước lọc.
ngay,suc_khoe,chung,10,Ăn tối muộn làm bạn ngủ không sâu. Thử ăn sớm hơn một tiếng.
ngay,suc_khoe,chung,11,Tối nay để điện thoại ra khỏi giường. Một tối thôi cũng thấy khác.
ngay,suc_khoe,chung,12,Ra ngoài lấy chút nắng. Mười lăm phút buổi sáng là đủ.
ngay,suc_khoe,chung,13,Cổ và vai bạn đang gồng mà bạn không để ý. Xoay vai vài vòng.
ngay,suc_khoe,chung,14,"Thuốc đang uống dở thì uống cho hết, đừng thấy đỡ là ngưng."
ngay,suc_khoe,chung,15,Lần khám gần nhất của bạn cách đây lâu rồi. Đặt lịch đi.
ngay,suc_khoe,chung,16,Ăn chậm lại. Bụng cần thời gian để báo cho bạn biết là đã đủ.
ngay,suc_khoe,chung,17,Đồ ngọt hôm nay kéo bạn lên rồi thả xuống thấp hơn lúc đầu.
ngay,suc_khoe,chung,18,Rượu bia hôm nay nên dừng sớm. Mai bạn có việc cần đầu óc tỉnh.
ngay,suc_khoe,chung,19,Tắm nước ấm trước khi ngủ. Cơ thể hiểu đó là tín hiệu nghỉ.
ngay,suc_khoe,chung,20,"Kéo giãn năm phút trước khi ngủ, sáng mai lưng bạn sẽ dễ chịu."
ngay,suc_khoe,chung,21,Tai nghe mở to cả ngày là thứ hỏng dần mà không kịp nhận ra.
ngay,suc_khoe,chung,22,Mở cửa cho thoáng. Ở phòng kín cả ngày làm bạn nặng đầu.
ngay,suc_khoe,chung,23,Hôm nay đi cầu thang bộ thay vì thang máy.
ngay,suc_khoe,chung,24,"Bữa nay thiếu rau. Thêm vào một phần, đừng bù bằng thứ khác."
ngay,suc_khoe,chung,25,Nghỉ hẳn một ngày không phải là lười. Người bạn đang đòi đúng thứ đó.
ngay,suc_khoe,chung,26,Người nhà nhắc chuyện sức khoẻ không phải để làm phiền. Nghe một lần.
ngay,suc_khoe,chung,27,Cơn đau đầu hôm nay có khi chỉ vì thiếu nước và thiếu ngủ. Thử hai thứ đó trước.
ngay,suc_khoe,chung,28,Đừng cân mỗi ngày rồi lo. Con số lên xuống theo nước chứ không theo mỡ.
ngay,suc_khoe,chung,29,"Có người rủ đi tập. Nhận lời đi, một mình thì bạn bỏ cuộc sớm hơn."
tuan,tinh_cam,chung,8,Tuần này có dịp gặp người nhà của nhau. Chuẩn bị tinh thần trước thì buổi đó nhẹ hơn nhiều.
tuan,tinh_cam,chung,9,Đầu tuần hai người dễ cáu vì ai cũng đang gấp việc riêng. Để cuối tuần hẵng bàn chuyện lớn.
tuan,tinh_cam,chung,10,"Một lời xin lỗi tuần này đáng giá hơn mọi món quà. Nói cho tròn, đừng kèm chữ nhưng."
tuan,tinh_cam,chung,11,"Nếu đang cân nhắc một mối quan hệ, tuần này bạn sẽ thấy đủ dấu hiệu. Đừng ép mình quyết sớm hơn."
tuan,tinh_cam,chung,12,"Tuần này dễ nhắn tin sai giọng. Chuyện quan trọng thì gọi, đừng gõ."
tuan,tinh_cam,chung,13,Có khoản chi chung hai người cần thống nhất trong tuần. Nói rõ con số ngay từ đầu.
tuan,tinh_cam,chung,14,"Bạn đang chờ người ấy đổi, còn họ cũng đang chờ bạn. Ai bước trước thì tháo được nút."
tuan,tinh_cam,chung,15,"Cuối tuần hợp để đi đâu đó cùng nhau, gần thôi cũng được, miễn là ra khỏi nhà."
tuan,tinh_cam,chung,16,Có người quan tâm bạn mà bạn chưa nhận ra vì còn mải nhìn chỗ khác.
tuan,tinh_cam,chung,17,Tuần này đừng mang chuyện của hai người ra kể với người ngoài. Giải quyết trong nhà trước.
tuan,tinh_cam,chung,18,Một thói quen nhỏ bạn làm đều suốt tuần nói được nhiều hơn một lời tỏ tình.
tuan,tinh_cam,chung,19,"Nếu vừa chia tay, tuần này là lúc để yên cho mình, không phải lúc tìm người lấp chỗ."
tuan,cong_viec,chung,7,"Tuần này có việc đáng lẽ của người khác sẽ rơi vào tay bạn. Làm thì làm, nhưng cho người có thẩm quyền biết."
tuan,cong_viec,chung,8,Giữa tuần sẽ có thay đổi kế hoạch từ trên xuống. Đừng dồn hết sức vào một hướng trước khi nghe rõ.
tuan,cong_viec,chung,9,Tuần này hợp để dọn lại chỗ làm và hệ thống hồ sơ. Việc nhàm nhưng sau đó chạy nhanh hơn hẳn.
tuan,cong_viec,chung,10,Có lời mời hoặc đề nghị mới trong tuần. Hỏi kỹ phần không ai nói ra trước khi gật đầu.
tuan,cong_viec,chung,11,"Đầu tuần đặt ra ba việc phải xong, không nhiều hơn. Danh sách dài là danh sách không ai làm."
tuan,cong_viec,chung,12,Tuần này bạn dễ bị cuốn vào việc gấp mà bỏ việc quan trọng. Mỗi sáng dành một tiếng cho việc quan trọng trước.
tuan,cong_viec,chung,13,"Một người trong nhóm đang gặp khó mà không nói ra. Hỏi han một câu, đừng chờ họ mở lời."
tuan,cong_viec,chung,14,Cuối tuần ngồi lại xem tuần vừa rồi mất thời gian vào đâu. Chỗ đó thường khác chỗ bạn nghĩ.
tuan,cong_viec,chung,15,"Tuần này có dịp trình bày trước người quyết định. Chuẩn bị ngắn gọn, họ không có nhiều thời gian."
tuan,cong_viec,chung,16,Đừng nhận việc mới khi việc cũ chưa bàn giao xong. Tuần này bạn dễ nhận quá tay.
tuan,cong_viec,chung,17,Một kỹ năng bạn định học mãi chưa học. Tuần này bắt đầu bằng buổi đầu tiên là được.
tuan,cong_viec,chung,18,Có hợp đồng hoặc giấy tờ cần đọc kỹ trong tuần. Phần chữ nhỏ mới là phần quan trọng.
tuan,cong_viec,chung,19,Tuần này giữ liên lạc đều với người cùng làm. Im lặng lâu dễ bị hiểu thành bỏ việc giữa chừng.
ngay,tong_quan,aries,12,"Hôm nay cần chỗ để xả sức. Vận động mạnh một buổi, người bạn đang tích quá nhiều lửa."
ngay,tong_quan,aries,13,"Có người đang ganh với bạn. Cứ làm việc của mình, đừng quay sang đọ."
ngay,tong_quan,aries,14,"Bạn biết mình sai ở một chỗ. Nhận một câu là xong, bạn không mất gì cả."
ngay,tong_quan,aries,15,Đi đường hôm nay chậm lại. Bạn đang vội hơn mức cần vội.
ngay,tong_quan,aries,16,"Có việc phải chờ mà bạn thì ghét chờ. Chờ thêm hôm nay thôi, nó đang chín."
ngay,tong_quan,aries,17,Ai đó yếu thế hơn cần bạn lên tiếng. Bạn làm việc đó giỏi hơn bạn nghĩ.
ngay,tong_quan,aries,18,Hôm nay bạn được giao đứng mũi. Nhớ hỏi ý người đi cùng trước khi rẽ.
ngay,tong_quan,aries,19,Một việc bạn bỏ dở tuần trước vẫn nằm đó. Hôm nay làm nốt là gọn.
ngay,tong_quan,aries,20,Bạn dễ tiêu tiền theo cảm hứng hôm nay. Thứ nào thích thì để tới mai xem còn thích không.
ngay,tong_quan,aries,21,"Có chuyện cần xin phép trước khi làm. Bạn quen làm rồi báo sau, hôm nay thì không nên."
ngay,tong_quan,aries,22,"Một người lớn tuổi hơn khuyên điều bạn không muốn nghe. Cất đó, vài hôm nữa hiểu."
ngay,tong_quan,aries,23,Người bạn coi là đối thủ hôm nay lại là người giúp bạn. Để ý mà nhận.
ngay,tong_quan,aries,24,Hứng của bạn lên nhanh và tắt cũng nhanh. Hôm nay chọn việc xong được trong ngày.
ngay,tong_quan,aries,25,"Có thử thách vừa tầm bạn hôm nay. Nhận đi, bạn buồn chán lâu rồi."
ngay,tong_quan,aries,26,Tự ái đang giữ bạn ở một lập trường mà chính bạn thấy đuối. Đổi ý không phải là thua.
ngay,tong_quan,aries,27,"Bạn định tự làm hết. Chia bớt cho một người, họ cũng muốn góp phần."
ngay,tong_quan,aries,28,"Giúp ai thì giúp dứt khoát, đừng giúp nửa chừng rồi bỏ đó."
ngay,tong_quan,aries,29,Biết dừng đúng lúc hôm nay quý hơn biết đẩy tới. Thắng rồi thì thôi.
ngay,tong_quan,aries,30,Buổi tối nay nên hạ nhiệt. Đừng mở thêm việc gì sau bữa cơm.
ngay,tong_quan,taurus,13,"Bạn định mua một thứ đã ngắm lâu. Hôm nay hợp, nhưng xem kỹ chỗ bảo hành."
ngay,tong_quan,taurus,14,Ra chỗ có cây cối ngồi một lúc. Người bạn dịu lại nhanh hơn bạn nghĩ.
ngay,tong_quan,taurus,15,Có món đồ cũ cần sửa hoặc cần bỏ. Hôm nay quyết được thì nhà nhẹ hẳn.
ngay,tong_quan,taurus,16,"Trả giá hôm nay bạn có lợi. Cứ hỏi, đừng ngại."
ngay,tong_quan,taurus,17,"Có thay đổi làm bạn thấy bất an. Hỏi cho rõ, phần lớn nỗi lo tan ngay khi biết đủ."
ngay,tong_quan,taurus,18,"Nghe một bản nhạc bạn thích, hoặc nấu món bạn thích. Hôm nay bạn cần đúng thứ đó."
ngay,tong_quan,taurus,19,Bạn đang so mình với người khác về thứ bạn vốn không cần. Thôi so.
ngay,tong_quan,taurus,20,"Hôm nay bạn lười, mà lười một buổi cũng không sao. Nhưng chọn đúng buổi."
ngay,tong_quan,taurus,21,Lời bạn hứa người ta tin thật. Nên hứa ít và làm cho đủ.
ngay,tong_quan,taurus,22,Bạn đang cố chấp với một người chứ không phải với một việc. Tách hai thứ đó ra.
ngay,tong_quan,taurus,23,"Có chuyện góp vốn hoặc đầu tư được nhắc tới. Đọc kỹ, đừng quyết vì nể."
ngay,tong_quan,taurus,24,Dành chút thời gian chăm lại thứ bạn hay dùng. Đồ bền là nhờ chỗ đó.
ngay,tong_quan,taurus,25,Một câu nói dịu dàng của bạn hôm nay giữ được người đang muốn đi.
ngay,tong_quan,taurus,26,Bạn tích trữ nhiều hơn mức dùng. Cho bớt đi một phần.
ngay,tong_quan,taurus,27,"Đổi chỗ ngồi, đổi đường đi, đổi quán ăn. Một thứ nhỏ thôi cũng đủ thoáng đầu."
ngay,tong_quan,taurus,28,Việc bạn làm đều đặn mấy tháng nay sắp tới lúc trả công. Đừng bỏ ngang bây giờ.
ngay,tong_quan,taurus,29,Có lời nhờ mà bạn không muốn nhận. Từ chối sớm tử tế hơn nhận rồi làm cho xong chuyện.
ngay,tong_quan,taurus,30,"Cơ thể đang báo một tín hiệu nhỏ. Bạn vốn chịu đựng giỏi, nhưng đừng chịu chỗ này."
ngay,tong_quan,taurus,31,Hôm nay hợp để kết thúc một việc hơn là mở một việc.
ngay,tong_quan,gemini,11,Có việc liên quan tới anh chị em hoặc hàng xóm cần bạn một câu. Đừng để lâu.
ngay,tong_quan,gemini,12,Một chuyến đi ngắn hôm nay mở ra thứ bạn không tính trước.
ngay,tong_quan,gemini,13,Bạn đang trôi trên mạng lâu hơn bạn tưởng. Đặt hẹn giờ cho mình.
ngay,tong_quan,gemini,14,Bạn đã nhận lời với ba người. Xem lại xem có giữ nổi cả ba không.
ngay,tong_quan,gemini,15,Viết ra giấy thứ đang rối trong đầu. Nhìn thấy chữ là bạn gỡ được ngay.
ngay,tong_quan,gemini,16,"Có tin đồn tới tai bạn. Đừng chuyển tiếp, nó không phải việc của bạn."
ngay,tong_quan,gemini,17,Hôm nay bạn giảng lại cho người khác một thứ mình biết. Dạy xong bạn hiểu sâu hơn.
ngay,tong_quan,gemini,18,Chọn một việc và làm liền một mạch bốn mươi phút. Bạn sẽ ngạc nhiên vì nó xong nhanh.
ngay,tong_quan,gemini,19,"Cơn chán hôm nay không phải vì việc tệ, mà vì bạn đã quen tay. Thử làm theo cách khác."
ngay,tong_quan,gemini,20,"Bạn nói với mỗi người một kiểu và không ai sai. Nhưng hôm nay dễ bị đối chiếu, nhớ mà liệu."
ngay,tong_quan,gemini,21,Nghe loáng thoáng được một chuyện. Hỏi thẳng người trong cuộc thay vì tự ghép.
ngay,tong_quan,gemini,22,Máy móc hoặc điện thoại hôm nay dễ trục trặc. Sao lưu trước đã.
ngay,tong_quan,gemini,23,Dọn hộp thư và danh sách việc. Bạn đang bỏ sót thứ quan trọng trong đống đó.
ngay,tong_quan,gemini,24,Hôm nay nói thật một chuyện bạn vẫn nói tránh. Nhẹ cho cả hai bên.
ngay,tong_quan,gemini,25,"Một người bạn lâu không gặp xuất hiện lại. Giữ liên lạc, lần này đừng để trôi."
ngay,tong_quan,gemini,26,"Ý tưởng tới nhiều quá. Ghi hết lại rồi mai chọn, hôm nay chọn là chọn sai."
ngay,tong_quan,gemini,27,"Bạn thiếu ngủ, và nó hiện ra ở chỗ bạn nói nhanh hơn nghĩ. Đi ngủ sớm."
ngay,tong_quan,gemini,28,"Có quyết định bạn đã dời ba lần. Hôm nay chốt, chọn cách nào cũng được, miễn là chốt."
ngay,tong_quan,gemini,29,Lời xin lỗi của bạn nên ngắn. Giải thích dài làm nó mất tác dụng.
ngay,tong_quan,cancer,12,Bạn cho đi nhiều hơn phần bạn còn. Hôm nay giữ lại một ít cho mình.
ngay,tong_quan,cancer,13,"Có lúc bạn muốn khóc mà không rõ vì sao. Cứ để nó qua, không phải chuyện gì to tát."
ngay,tong_quan,cancer,14,Bạn đang che chắn cho một người mà họ không cần được che nữa.
ngay,tong_quan,cancer,15,Nói không với một việc hôm nay. Bạn sẽ thấy trời không sập.
ngay,tong_quan,cancer,16,Tâm trạng bạn đang trôi theo tâm trạng người bên cạnh. Tách ra một chút.
ngay,tong_quan,cancer,17,Một món ăn từ hồi bé sẽ chữa được cái buồn vơ vẩn hôm nay.
ngay,tong_quan,cancer,18,"Lục lại ảnh cũ thì vui, nhưng đừng ngồi trong đó cả tối."
ngay,tong_quan,cancer,19,Bạn đang để người ta bước qua ranh giới của mình vì ngại. Dựng lại cái ranh giới đó.
ngay,tong_quan,cancer,20,"Có người bạn muốn tin mà vẫn còn ngờ. Cho họ thêm một dịp, nhưng đừng giao hết."
ngay,tong_quan,cancer,21,"Bạn đang hờn mà không nói, và người kia thật sự không biết. Nói ra một câu."
ngay,tong_quan,cancer,22,Có đứa nhỏ trong nhà cần bạn để mắt hôm nay.
ngay,tong_quan,cancer,23,Giấc mơ đêm qua làm bạn nghĩ ngợi. Đừng diễn giải nhiều quá.
ngay,tong_quan,cancer,24,Chỗ đông người hôm nay rút cạn sức bạn. Về sớm được thì về.
ngay,tong_quan,cancer,25,"Có chuyện người ta kể riêng với bạn. Giữ cho họ, bạn vốn giữ giỏi."
ngay,tong_quan,cancer,26,Nói một lời biết ơn với người vẫn lo cho bạn mà bạn quen tới mức quên mất.
ngay,tong_quan,cancer,27,"Tháng này chi nhiều hơn tính. Ngồi xuống xem lại một lượt, đừng ngại con số."
ngay,tong_quan,cancer,28,"Người nhà nhờ một việc bạn không kham nổi. Từ chối người thân khó, nhưng hôm nay nên."
ngay,tong_quan,cancer,29,"Bạn mệt vì lo hộ phần của người khác. Phần đó họ lo được, thật đấy."
ngay,tong_quan,cancer,30,Có cuộc gọi bạn định gọi mãi chưa gọi. Hôm nay bấm đi.
ngay,tong_quan,leo,12,"Có người nói xấu sau lưng bạn. Việc bạn làm tốt tự nó cãi lại, đừng đi cãi."
ngay,tong_quan,leo,13,Hôm nay hợp để làm một điều hào phóng mà không cho ai biết.
ngay,tong_quan,leo,14,"Bạn đang chờ được hỏi ý. Nếu không ai hỏi thì tự lên tiếng, đừng dỗi."
ngay,tong_quan,leo,15,Một người nhỏ hơn nể bạn thật lòng. Đừng làm họ thất vọng vì chuyện vặt.
ngay,tong_quan,leo,16,"Dáng vẻ hôm nay làm bạn tự tin hơn hẳn. Cứ chăm chút, không có gì phù phiếm."
ngay,tong_quan,leo,17,Có việc bạn làm vì sợ mang tiếng chứ không vì muốn. Bỏ bớt một việc kiểu đó.
ngay,tong_quan,leo,18,"Bạn giận một người vì họ không nhận ra công bạn. Nói thẳng, họ không tự đoán được."
ngay,tong_quan,leo,19,Hôm nay hợp để nhận lời tới chỗ đông người. Bạn sáng nhất ở đó.
ngay,tong_quan,leo,20,Một lời hứa bạn buông ra lúc hào hứng đang chờ bạn thực hiện. Nhớ lại xem.
ngay,tong_quan,leo,21,Bạn muốn làm thật to. Làm nhỏ mà xong còn hơn vẽ lớn rồi bỏ.
ngay,tong_quan,leo,22,Có một sở thích cũ cần bạn quay lại. Chơi một chút cho vui.
ngay,tong_quan,leo,23,"Người ta nhờ bạn vì tin bạn, không phải vì muốn lợi dụng. Đừng nghĩ xa quá."
ngay,tong_quan,leo,24,Hôm nay đừng quyết chuyện lớn lúc đang được tâng bốc.
ngay,tong_quan,leo,25,Bạn nóng vì một câu đùa chạm vào chỗ yếu. Họ không biết đó là chỗ yếu đâu.
ngay,tong_quan,leo,26,"Có việc cần người đứng ra chịu trách nhiệm. Nhận đi, bạn làm được."
ngay,tong_quan,leo,27,"Khen một người hôm nay. Bạn vốn hào phóng, hào phóng cả lời khen nữa."
ngay,tong_quan,leo,28,Bạn đang ôm việc vì nghĩ không ai làm bằng mình. Giao đi một phần.
ngay,tong_quan,leo,29,Có chuyện làm bạn mất mặt trước đám đông. Qua hôm nay là không ai nhớ nữa.
ngay,tong_quan,leo,30,"Buổi tối nay dành cho người thân, thay vì cho người bạn cần gây ấn tượng."
ngay,tong_quan,virgo,10,"Bạn đang sửa thứ đã đủ tốt. Dừng tay, đưa nó ra ngoài đi."
ngay,tong_quan,virgo,11,"Có việc lặt vặt tồn đọng. Hôm nay làm một mạch cho hết, tâm trí nhẹ ngay."
ngay,tong_quan,virgo,12,Bạn nhận ra lỗi của người khác rất nhanh. Hôm nay thử để ý thứ họ làm được.
ngay,tong_quan,virgo,13,"Lịch của bạn kín quá. Chừa ra một khoảng trống, đừng xếp gì vào đó cả."
ngay,tong_quan,virgo,14,"Có chuyện bạn tính rất kỹ mà vẫn lệch. Không phải tại bạn, có thứ không tính được."
ngay,tong_quan,virgo,15,Hôm nay hợp để học một cách làm mới gọn hơn cách cũ.
ngay,tong_quan,virgo,16,Bạn giúp người ta bằng việc làm chứ ít nói. Hôm nay thử nói thêm một câu.
ngay,tong_quan,virgo,17,Bữa ăn của bạn mấy hôm nay qua loa. Hôm nay ăn cho tử tế một bữa.
ngay,tong_quan,virgo,18,Có người làm theo cách khác bạn mà vẫn ra kết quả. Đường của họ cũng là đường.
ngay,tong_quan,virgo,19,Một con số hoặc một dòng trong hoá đơn hôm nay đáng để kiểm lại.
ngay,tong_quan,virgo,20,Bạn đang lo cho người khác nhiều hơn họ lo cho chính họ. Lùi lại một bước.
ngay,tong_quan,virgo,21,Thói quen nhỏ bạn giữ mỗi ngày đang có tác dụng. Đừng bỏ vì thấy nó chậm.
ngay,tong_quan,virgo,22,Hôm nay có người cần bạn giải thích lại cho dễ hiểu. Bớt chi tiết đi một nửa.
ngay,tong_quan,virgo,23,Nói không với một việc là tử tế với cả hai bên. Đừng nhận rồi làm qua loa.
ngay,tong_quan,virgo,24,Dọn chỗ ngủ cho gọn. Giấc ngủ của bạn phụ thuộc vào đó nhiều hơn bạn nghĩ.
ngay,tong_quan,virgo,25,"Có lời khen dành cho bạn mà bạn gạt đi. Nhận lấy, bạn xứng đáng."
ngay,tong_quan,virgo,26,Việc hôm nay nên làm từng phần nhỏ. Nhìn cả núi là bạn đứng im.
ngay,tong_quan,virgo,27,Bạn đang so bản nháp của mình với bản hoàn chỉnh của người khác. So vậy không công bằng.
ngay,tong_quan,virgo,28,Cuối ngày viết ra ba việc đã xong. Bạn hay chỉ nhớ phần chưa xong.
ngay,tong_quan,libra,10,Bạn đồng ý cho xong chuyện rồi về nhà ấm ức. Lần này nói thật ngay lúc đó.
ngay,tong_quan,libra,11,"Có lời mời dự một dịp vui. Nhận đi, bạn đang cần không khí đó."
ngay,tong_quan,libra,12,Hôm nay hợp để thống nhất một thoả thuận. Đọc kỹ rồi hẵng gật.
ngay,tong_quan,libra,13,Bạn đang chờ ai đó quyết hộ. Không ai quyết thay bạn được đâu.
ngay,tong_quan,libra,14,"Một người đối xử không công bằng với bạn. Nói ra, bạn không hề quá đáng."
ngay,tong_quan,libra,15,Chỗ bạn ở hoặc chỗ bạn làm đang bừa. Dọn một góc thôi cũng đủ dễ thở.
ngay,tong_quan,libra,16,Bạn giỏi nhìn ra ý người khác. Hôm nay dùng khả năng đó cho chính mình.
ngay,tong_quan,libra,17,"Có việc cần bạn làm trọng tài. Giữ mình ở giữa, đừng để bên nào kéo."
ngay,tong_quan,libra,18,Bạn mua một thứ chỉ vì nó đẹp. Hôm nay hỏi thêm câu nữa là có dùng tới không.
ngay,tong_quan,libra,19,Một mối quan hệ cần bạn nói rõ giới hạn. Nói sớm thì vẫn còn tử tế được.
ngay,tong_quan,libra,20,"Hôm nay đừng cố làm vui lòng tất cả. Sẽ có người không vừa ý, và không sao cả."
ngay,tong_quan,libra,21,Có chuyện bạn thấy sai mà im. Im thêm nữa là thành đồng ý.
ngay,tong_quan,libra,22,Hợp để làm cùng người khác hơn là làm một mình. Rủ ai đó ngồi chung.
ngay,tong_quan,libra,23,Bạn đang nhìn một người qua thứ họ từng là. Nhìn lại họ của bây giờ.
ngay,tong_quan,libra,24,Một cuộc gặp hôm nay đổi cách bạn nghĩ về chuyện đang vướng.
ngay,tong_quan,libra,25,Bạn hoãn một việc vì sợ mất lòng ai đó. Việc đó vẫn phải làm.
ngay,tong_quan,libra,26,Tiêu tiền hôm nay dễ quá tay vì bạn đang muốn chiều mình. Đặt một mức rồi dừng.
ngay,tong_quan,libra,27,Có người bạn nợ một lời xin lỗi hoặc một lời cảm ơn. Trả hôm nay.
ngay,tong_quan,libra,28,Cuối ngày ngồi yên không điện thoại mười lăm phút. Bạn sẽ nghe ra điều mình muốn.
ngay,tong_quan,scorpio,11,Bạn đang điều tra một chuyện không phải việc của mình. Dừng lại.
ngay,tong_quan,scorpio,12,Có người thật lòng mà bạn vẫn soi tìm động cơ. Lần này cứ nhận lấy.
ngay,tong_quan,scorpio,13,Hôm nay bạn có sức làm thứ người khác bỏ cuộc. Dùng vào việc đáng.
ngay,tong_quan,scorpio,14,Một lời nói lúc giận sẽ ở lại rất lâu trong người nghe. Cân trước khi nói.
ngay,tong_quan,scorpio,15,"Bạn cắt đứt với ai đó hơi nhanh. Để cửa hé một chút, không mất gì."
ngay,tong_quan,scorpio,16,"Có bí mật của người khác trong tay bạn. Giữ, nhưng đừng dùng nó làm đòn bẩy."
ngay,tong_quan,scorpio,17,"Hôm nay hợp để dọn sạch một thứ: hồ sơ cũ, danh bạ, hay một mối quan hệ đã hết."
ngay,tong_quan,scorpio,18,Bạn muốn biết tất cả trước khi bước. Có những chuyện phải bước rồi mới biết.
ngay,tong_quan,scorpio,19,"Người ta ngại bạn vì bạn ít nói, không phải vì bạn khó ưa. Thêm một câu là xong."
ngay,tong_quan,scorpio,20,"Có chuyện đang diễn ra sau lưng bạn. Bình tĩnh, đừng kết luận khi chưa đủ."
ngay,tong_quan,scorpio,21,Bạn giỏi chịu đau nên quen chịu luôn cả thứ không cần chịu. Lên tiếng đi.
ngay,tong_quan,scorpio,22,"Hôm nay hợp để nói chuyện riêng với một người, ở chỗ không có ai khác."
ngay,tong_quan,scorpio,23,"Bạn đang trả đũa trong đầu. Nghĩ thì nghĩ, nhưng đừng làm."
ngay,tong_quan,scorpio,24,Một khoản nợ hoặc một lời hứa về tiền cần được nhắc lại hôm nay.
ngay,tong_quan,scorpio,25,Có thứ bạn muốn mà không chịu thừa nhận là mình muốn. Thừa nhận trước đã.
ngay,tong_quan,scorpio,26,"Bạn đọc được người ta, nhưng hôm nay có người bạn đọc sai. Hỏi cho chắc."
ngay,tong_quan,scorpio,27,Thay đổi lớn ít khi tới gọn gàng. Phần lộn xộn này là bình thường.
ngay,tong_quan,scorpio,28,Có người chờ bạn mở lòng trước. Mở một phần thôi cũng đủ cho họ bước vào.
ngay,tong_quan,scorpio,29,Buổi tối nay đừng xem lại tin nhắn cũ. Nó chỉ xới lại thứ bạn đã khép.
ngay,tong_quan,sagittarius,10,Hôm nay có người hỏi ý kiến bạn. Nói thật nhưng bớt đi một phần ba lời.
ngay,tong_quan,sagittarius,11,"Một kế hoạch đi chơi đang hình thành. Chốt ngày đi, đừng để nó tan."
ngay,tong_quan,sagittarius,12,"Bạn chán thứ quen thuộc. Đổi một thói quen nhỏ là đủ, chưa cần đập hết đi."
ngay,tong_quan,sagittarius,13,Có việc giấy tờ hoặc thủ tục bạn ghét làm. Làm sớm thì nó chỉ mất một buổi.
ngay,tong_quan,sagittarius,14,Người ta tin lời bạn hơn bạn tưởng. Nói chắc chắn thì phải chắc chắn thật.
ngay,tong_quan,sagittarius,15,"Hôm nay gặp được người khác hẳn mình. Nghe họ kể, đừng vội tranh luận."
ngay,tong_quan,sagittarius,16,Bạn đang nhìn bức tranh lớn mà bỏ qua chi tiết sắp gây phiền. Kiểm lại một lượt.
ngay,tong_quan,sagittarius,17,Có lời mời làm thứ mới. Hỏi cho rõ phần việc trước khi hào hứng gật.
ngay,tong_quan,sagittarius,18,Bạn cười xoà cho qua một chuyện đáng nói. Cười mãi là thành chịu đựng.
ngay,tong_quan,sagittarius,19,Hôm nay đừng mua theo cảm hứng. Để tới cuối tuần xem còn muốn không.
ngay,tong_quan,sagittarius,20,Có ai đó cần bạn ngồi lại nghiêm túc. Hôm nay bỏ giọng đùa một lúc.
ngay,tong_quan,sagittarius,21,"Việc học hành, thi cử hoặc giấy tờ đi xa có tiến triển. Theo sát."
ngay,tong_quan,sagittarius,22,Bạn hay đi mà quên nói. Nhắn cho người nhà một câu.
ngay,tong_quan,sagittarius,23,Một người đang buồn và bạn định an ủi bằng câu đùa. Hôm nay ngồi im với họ thì hơn.
ngay,tong_quan,sagittarius,24,Hôm nay hợp để dạy hoặc chia sẻ thứ bạn biết. Bạn giảng dễ hiểu hơn bạn nghĩ.
ngay,tong_quan,sagittarius,25,Có chuyện bạn hứa làm giúp mà quên mất. Nhớ lại và làm cho xong.
ngay,tong_quan,sagittarius,26,Niềm tin của bạn vào ngày mai là thứ thật. Nhưng hôm nay vẫn phải trả hoá đơn.
ngay,tong_quan,sagittarius,27,Đừng bắt đầu thêm việc mới khi ba việc cũ còn dở.
ngay,tong_quan,sagittarius,28,Buổi tối nay ra ngoài đi bộ. Bạn cần không gian hơn là cần nghỉ.
ngay,tong_quan,capricorn,10,Bạn đang gánh phần của người khác và họ quen rồi. Trả lại một phần hôm nay.
ngay,tong_quan,capricorn,11,Có việc cần làm chậm mà chắc. Đừng để ai giục bạn.
ngay,tong_quan,capricorn,12,Bạn nghĩ nghỉ ngơi là lãng phí. Nghỉ cũng là một phần của việc.
ngay,tong_quan,capricorn,13,Hôm nay hợp để nói chuyện với người có kinh nghiệm hơn. Hỏi một câu thẳng.
ngay,tong_quan,capricorn,14,Một khoản chi lớn đang cân nhắc. Tính thêm chi phí phát sinh rồi hẵng quyết.
ngay,tong_quan,capricorn,15,Bạn im lặng chịu đựng nên người ta tưởng bạn ổn. Nói ra một câu.
ngay,tong_quan,capricorn,16,Có cơ hội thăng tiến hoặc mở rộng. Bạn sẵn sàng hơn bạn tự đánh giá.
ngay,tong_quan,capricorn,17,Hôm nay đừng so mình với người đi nhanh hơn. Đường của bạn dài hơn đường của họ.
ngay,tong_quan,capricorn,18,Một người trẻ cần bạn chỉ dẫn. Bạn cho họ đường tắt mà bạn từng phải mò.
ngay,tong_quan,capricorn,19,"Bạn ngồi làm cả ngày không đứng dậy. Cơ thể rồi sẽ đòi, trả trước đi."
ngay,tong_quan,capricorn,20,Có quy tắc trong nhà hoặc trong nhóm cần nói rõ lại. Nói sớm đỡ trách nhau về sau.
ngay,tong_quan,capricorn,21,Việc bạn đang chán là việc đang xây nền. Nền thì không ai nhìn thấy.
ngay,tong_quan,capricorn,22,"Hôm nay hợp để dọn giấy tờ, hợp đồng, bảo hiểm, mấy thứ bạn vẫn hoãn."
ngay,tong_quan,capricorn,23,Bạn nhận lời giúp rồi tự ôm hết. Nói rõ phần mình làm tới đâu.
ngay,tong_quan,capricorn,24,Có người khen bạn mà bạn cho là xã giao. Lần này họ nói thật.
ngay,tong_quan,capricorn,25,"Một mục tiêu bạn đặt từ đầu năm cần xem lại. Giữ, sửa hay bỏ cũng được, miễn là nhìn lại."
ngay,tong_quan,capricorn,26,"Đừng đợi hoàn cảnh lý tưởng. Nó không tới, mà thời gian thì đi."
ngay,tong_quan,capricorn,27,Hôm nay dành một tiếng cho thứ không ra tiền. Bạn đang thiếu đúng chỗ đó.
ngay,tong_quan,capricorn,28,Gọi cho một người bạn cũ. Bạn bận tới mức quên mất họ.
ngay,tong_quan,aquarius,10,Có người muốn bạn giống số đông. Bạn không nợ ai chuyện đó.
ngay,tong_quan,aquarius,11,Hôm nay hợp để sửa một thứ hỏng trong nhà. Bạn mày mò ra nhanh.
ngay,tong_quan,aquarius,12,Bạn giữ khoảng cách để khỏi tổn thương. Hôm nay thử bước gần một bước.
ngay,tong_quan,aquarius,13,Một nhóm bạn đang cần người đứng ra tổ chức. Bạn nhận thì mọi chuyện chạy.
ngay,tong_quan,aquarius,14,Bạn phản đối vì thói quen chứ chưa nghe hết. Nghe nốt rồi hẵng phản đối.
ngay,tong_quan,aquarius,15,Có thông tin tới tay bạn hôm nay cần kiểm nguồn trước khi tin.
ngay,tong_quan,aquarius,16,"Hôm nay bạn nghĩ xa quá, tới mức quên việc trước mặt. Kéo về một chút."
ngay,tong_quan,aquarius,17,Một người thân thấy bạn lạnh nhạt. Họ chưa hiểu cách bạn thương.
ngay,tong_quan,aquarius,18,Bạn thích tự do nhưng đang mắc vào một ràng buộc tự tạo. Nhìn kỹ xem ai buộc.
ngay,tong_quan,aquarius,19,Hợp để làm việc nhóm từ xa hơn là ngồi chung một phòng.
ngay,tong_quan,aquarius,20,"Có thứ cũ kỹ ai cũng chịu đựng, bạn thì không. Nói ra là có người thở phào."
ngay,tong_quan,aquarius,21,Bạn bênh lẽ phải mà quên để ý người trong cuộc đang đau. Hỏi han họ trước.
ngay,tong_quan,aquarius,22,Hôm nay hợp để đọc hoặc xem thứ mở rộng đầu óc. Chọn thứ khác hẳn gu thường ngày.
ngay,tong_quan,aquarius,23,Một kế hoạch bạn vẽ rất hay nhưng chưa ai hiểu. Giải thích bằng ví dụ cụ thể.
ngay,tong_quan,aquarius,24,Bạn tiết kiệm chỗ đáng tiêu và tiêu chỗ đáng tiết kiệm. Xem lại một lượt.
ngay,tong_quan,aquarius,25,"Có người đang chờ bạn trả lời. Bạn quên không phải vì không quan tâm, nhưng họ không biết thế."
ngay,tong_quan,aquarius,26,Hôm nay đừng quyết theo lý thuyết. Hỏi một người đã từng làm thật.
ngay,tong_quan,aquarius,27,"Bạn cần một buổi không ai hỏi han gì. Xin thẳng, đừng biến mất."
ngay,tong_quan,aquarius,28,Một mối quan hệ bạn tưởng chỉ là bạn bè đang đi xa hơn thế.
ngay,tong_quan,pisces,11,Bạn nhận lời rồi hối hận. Rút lời sớm vẫn còn kịp và không ai trách.
ngay,tong_quan,pisces,12,"Hôm nay có người kể khổ với bạn. Nghe thì nghe, nhưng đừng mang về nhà."
ngay,tong_quan,pisces,13,Một việc thực tế nhỏ bạn trốn mãi. Mười lăm phút là xong.
ngay,tong_quan,pisces,14,Bạn đang lý tưởng hoá một người. Nhìn họ đúng như họ đang là.
ngay,tong_quan,pisces,15,"Nước và âm nhạc hôm nay chữa được bạn. Tắm lâu một chút, nghe một bài tử tế."
ngay,tong_quan,pisces,16,Có lời người ta hứa với bạn mà họ sẽ không giữ. Đừng xây kế hoạch lên trên đó.
ngay,tong_quan,pisces,17,Hôm nay hợp để xin lỗi hoặc để tha thứ. Bạn làm việc đó dễ hơn người khác.
ngay,tong_quan,pisces,18,"Bạn mơ hồ về chuyện tiền bạc. Ngồi xuống viết ra con số thật, dù ngại."
ngay,tong_quan,pisces,19,"Có người đang lợi dụng lòng tốt của bạn. Bạn biết là ai, chỉ là chưa muốn nhận."
ngay,tong_quan,pisces,20,Đừng quyết chuyện lớn khi đang buồn. Chờ qua hôm nay.
ngay,tong_quan,pisces,21,Một ý tưởng tới trong lúc bạn thả lỏng. Ghi lại ngay kẻo quên.
ngay,tong_quan,pisces,22,Hôm nay cần bạn nói rõ ràng một lần. Nói nửa chừng là người ta hiểu sai.
ngay,tong_quan,pisces,23,Bạn so mình với người khác bằng thứ bạn không có. Đếm lại thứ bạn đang có.
ngay,tong_quan,pisces,24,"Có người cần bạn mạnh mẽ hôm nay. Bạn làm được, chỉ là ít khi tự thấy."
ngay,tong_quan,pisces,25,Việc đông người ồn ào hôm nay không hợp. Chọn việc làm một mình.
ngay,tong_quan,pisces,26,Bạn hay nhận lỗi cả phần không phải của mình. Hôm nay dừng ở phần của bạn.
ngay,tong_quan,pisces,27,"Có chuyện bạn linh cảm sắp tới. Chuẩn bị nhẹ thôi, đừng lo trước cả tháng."
ngay,tong_quan,pisces,28,Giúp một người lạ hôm nay. Bạn sẽ thấy nhẹ cả buổi.
ngay,tong_quan,pisces,29,Tối nay tắt màn hình sớm. Đầu bạn đang ngấm quá nhiều thứ của người khác.
tuan,tong_quan,aries,6,"Đầu tuần bạn muốn quyết ngay một chuyện lớn. Hoãn tới giữa tuần, lúc đó sẽ có thêm một mẩu tin đổi hẳn cách nhìn."
tuan,tong_quan,aries,7,"Tuần này có cạnh tranh và bạn thích điều đó. Nhưng người bên cạnh không coi là trò chơi, nhớ giữ chừng mực."
tuan,tong_quan,aries,8,"Có việc cần bạn kiên nhẫn chờ người khác. Khó với bạn, nhưng cướp lượt lúc này là hỏng cả tuần."
tuan,tong_quan,aries,9,Giữa tuần một lời nói của bạn lan đi xa hơn bạn tính. Nói ít mà rõ thì tuần sau đỡ phải đính chính.
tuan,tong_quan,aries,10,Tuần hợp để tập luyện hoặc làm việc nặng. Người bạn đang thừa sức mà thiếu chỗ xả.
tuan,tong_quan,aries,11,"Cuối tuần có người tới nhờ. Giúp thì giúp, nhưng đừng nhận luôn phần trách nhiệm của họ."
tuan,tong_quan,taurus,6,"Đầu tuần có lời đề nghị nghe hấp dẫn. Để tới cuối tuần hẵng trả lời, thứ đáng giá không biến mất trong vài ngày."
tuan,tong_quan,taurus,7,Tuần này bạn bám một cách làm cũ trong khi việc đã khác. Thử cách mới ở một chỗ nhỏ trước đã.
tuan,tong_quan,taurus,8,Có bữa ăn hoặc buổi gặp giữa tuần đáng để bạn thu xếp đi. Đừng viện cớ bận.
tuan,tong_quan,taurus,9,"Giữa tuần ai đó động vào thứ bạn coi là của mình. Nói rõ ranh giới một lần, nhẹ nhàng thôi."
tuan,tong_quan,taurus,10,"Tuần hợp để sửa sang, trồng trọt, hoặc làm thứ gì thấy được kết quả bằng tay."
tuan,tong_quan,taurus,11,"Cuối tuần đừng ôm việc về nhà. Tuần sau bạn cần sức, mà sức thì nạp ở hai ngày này."
tuan,tong_quan,gemini,6,"Đầu tuần bạn nhận lời nhiều quá. Giữa tuần sẽ phải xin lỗi một người, chọn trước xem là ai thì đỡ lúng túng."
tuan,tong_quan,gemini,7,"Tuần này có người muốn nghe bạn nói thật chứ không nói cho vui. Họ sẽ hỏi thẳng, chuẩn bị tinh thần."
tuan,tong_quan,gemini,8,Việc đi lại trong tuần dễ trục trặc. Đi sớm hơn dự tính mười lăm phút là tránh được phần lớn phiền.
tuan,tong_quan,gemini,9,"Giữa tuần bạn chán và muốn bỏ ngang. Cố thêm hai hôm, thứ đang làm sắp qua đoạn khó nhất."
tuan,tong_quan,gemini,10,"Tuần hợp để viết ra, dù là viết kế hoạch, viết thư, hay chỉ ghi lại thứ đang rối trong đầu."
tuan,tong_quan,gemini,11,Cuối tuần gặp một người lâu không gặp. Cuộc nói chuyện đó mở ra thứ bạn đang tìm.
tuan,tong_quan,cancer,6,"Đầu tuần bạn nhận hết việc vì thương người ta. Giữa tuần sẽ đuối, nên từ chối ngay từ đầu thì hơn."
tuan,tong_quan,cancer,7,"Tuần này có người nói một câu bạn sẽ nhớ lâu. Trước khi nhớ lâu, hỏi lại xem họ có ý đó thật không."
tuan,tong_quan,cancer,8,"Giữa tuần hợp để nấu nướng, dọn nhà, hoặc mời ai đó tới ăn cơm. Bạn hồi sức ở đúng chỗ ấy."
tuan,tong_quan,cancer,9,Có chuyện tiền bạc trong nhà cần nói rõ. Nói sớm lúc chưa ai bực thì nó chỉ là một cuộc trò chuyện.
tuan,tong_quan,cancer,10,"Tuần này đừng quyết theo cảm xúc buổi tối. Sáng hôm sau nhìn lại, mọi thứ khác hẳn."
tuan,tong_quan,cancer,11,Cuối tuần có tin vui từ người thân hoặc từ quê nhà.
tuan,tong_quan,leo,6,Đầu tuần bạn muốn làm thật hoành tráng. Làm gọn mà xong còn hơn vẽ to rồi đuối ở giữa tuần.
tuan,tong_quan,leo,7,"Tuần này có người trẻ hơn trông vào bạn. Thứ bạn làm họ sẽ bắt chước, kể cả phần bạn không tự hào."
tuan,tong_quan,leo,8,"Giữa tuần có lời phê bình nghe chối tai. Lấy phần đúng, bỏ phần còn lại, đừng mang theo cả tuần."
tuan,tong_quan,leo,9,"Tuần hợp để xuất hiện, gặp gỡ, trình bày. Nhưng chuẩn bị trước, đừng dựa hết vào sức hút."
tuan,tong_quan,leo,10,"Có người hợp tác muốn chia phần ít hơn công bạn bỏ ra. Nói rõ từ đầu tuần, đừng để tới lúc chia."
tuan,tong_quan,leo,11,Cuối tuần làm một việc tử tế mà không cho ai biết. Tuần sau bạn sẽ nhẹ người hơn bạn tưởng.
tuan,tong_quan,virgo,6,"Đầu tuần đừng lập một danh sách dài. Ba việc thôi, xong ba việc đó tuần này đã là tuần tốt."
tuan,tong_quan,virgo,7,"Tuần này có người làm theo cách bạn thấy sai mà kết quả vẫn ra. Học được gì thì học, đừng chỉ khó chịu."
tuan,tong_quan,virgo,8,"Giữa tuần bạn sẽ muốn làm lại từ đầu một thứ đã gần xong. Đừng, đưa nó ra trước rồi sửa sau."
tuan,tong_quan,virgo,9,"Có giấy tờ, hợp đồng hoặc con số cần bạn soi kỹ trong tuần. Chỗ đó đúng là sở trường của bạn."
tuan,tong_quan,virgo,10,Tuần hợp để dạy lại hoặc viết ra cách bạn vẫn làm. Người khác cần nó hơn bạn nghĩ.
tuan,tong_quan,virgo,11,"Cuối tuần cho phép mình không làm gì cả. Bạn vốn thấy có lỗi khi rảnh, lần này thì thôi."
tuan,tong_quan,libra,6,"Đầu tuần có người hỏi ý bạn và thật sự muốn nghe. Nói thẳng, đừng nói cho vừa lòng."
tuan,tong_quan,libra,7,Tuần này bạn so mình với người khác hơi nhiều. Chỗ bạn đem ra so là chỗ bạn vốn không muốn thi.
tuan,tong_quan,libra,8,Giữa tuần dễ tiêu tiền cho thứ đẹp mà không cần. Đặt một khoản rồi đừng vượt.
tuan,tong_quan,libra,9,"Có việc cần bạn đứng ra phân xử trong tuần. Nghe hết cả hai bên đã, đừng quyết khi mới nghe một."
tuan,tong_quan,libra,10,"Tuần hợp để chỉnh lại chỗ ở, chỗ làm, hay bất cứ chỗ nào bạn ngồi lâu. Mắt bạn nhìn ra ngay thứ cần đổi."
tuan,tong_quan,libra,11,Cuối tuần dành cho một người bạn vẫn hoãn gặp. Họ cũng đang chờ bạn nhắn trước.
tuan,tong_quan,scorpio,6,Đầu tuần có người thử phản ứng của bạn. Không phản ứng gì cũng là một câu trả lời.
tuan,tong_quan,scorpio,7,"Tuần này bạn làm được việc người khác bỏ dở. Nhưng hỏi vì sao họ bỏ, có khi họ biết thứ bạn chưa biết."
tuan,tong_quan,scorpio,8,"Giữa tuần một chuyện cũ quay lại. Lần này xử cho dứt, đừng đẩy sang tháng sau."
tuan,tong_quan,scorpio,9,"Có người muốn thân với bạn mà bạn chưa cho vào. Mở hé thôi cũng được, nhưng đừng đóng hẳn."
tuan,tong_quan,scorpio,10,Tuần hợp để thương lượng chuyện khó. Bạn giữ được mặt lạnh lâu hơn người đối diện.
tuan,tong_quan,scorpio,11,Cuối tuần nghỉ cho thật nghỉ. Đầu bạn tuần này chạy nhiều hơn tay.
tuan,tong_quan,sagittarius,6,Đầu tuần bạn hứa thêm một việc nữa. Đếm lại xem tuần này còn chỗ cho nó không.
tuan,tong_quan,sagittarius,7,"Tuần này có người hỏi bạn một câu nghiêm túc. Trả lời nghiêm túc, đừng đánh trống lảng bằng câu đùa."
tuan,tong_quan,sagittarius,8,"Giữa tuần một kế hoạch đổ. Bạn vốn xoay nhanh, nhưng lần này ngồi yên một buổi đã rồi hẵng xoay."
tuan,tong_quan,sagittarius,9,Có chuyện giấy tờ hoặc thủ tục cần bạn làm trong tuần. Làm sớm thì nó chỉ là việc nhỏ.
tuan,tong_quan,sagittarius,10,Tuần hợp để gặp người từ nơi khác hoặc nghề khác. Góc nhìn của họ gỡ đúng chỗ bạn đang mắc.
tuan,tong_quan,sagittarius,11,"Cuối tuần ở nhà một buổi. Bạn chạy cả tuần rồi, người cũng cần đứng lại."
tuan,tong_quan,capricorn,6,Đầu tuần bạn đặt chuẩn quá cao cho chính mình. Hạ xuống một bậc thì cả tuần chạy được.
tuan,tong_quan,capricorn,7,"Tuần này có người làm chậm hơn bạn muốn. Giục thì được, nhưng đừng làm thay họ."
tuan,tong_quan,capricorn,8,"Giữa tuần một cơ hội tới mà nó đòi bạn rời chỗ quen. Cân nhắc thật, đừng gạt đi theo phản xạ."
tuan,tong_quan,capricorn,9,"Có khoản chi hoặc khoản vay cần tính lại trong tuần. Ngồi xuống làm một bảng, bạn giỏi phần đó."
tuan,tong_quan,capricorn,10,"Tuần hợp để nói lời cảm ơn hoặc lời thương với người nhà. Bạn hay nghĩ họ tự hiểu, nhưng không."
tuan,tong_quan,capricorn,11,"Cuối tuần tách hẳn khỏi công việc nửa ngày. Bạn làm được, chỉ là chưa bao giờ cho phép mình."
tuan,tong_quan,aquarius,6,"Đầu tuần bạn thấy cách làm hiện tại vô lý. Đề xuất kèm một ví dụ cụ thể thì người ta nghe, nói suông thì không."
tuan,tong_quan,aquarius,7,"Tuần này có người cần bạn ở bên hơn là cần bạn phân tích. Ngồi với họ, đừng giải thích."
tuan,tong_quan,aquarius,8,"Giữa tuần một quy định hoặc thủ tục làm bạn bực. Làm cho xong rồi hẵng góp ý, làm ngược lại là mất công đôi lần."
tuan,tong_quan,aquarius,9,Có mối quan hệ chuyển sang hướng khác trong tuần. Bạn thấy trước nhưng vẫn nên nói ra cho rõ.
tuan,tong_quan,aquarius,10,Tuần hợp để học thứ mới hoặc thử công cụ mới. Bạn bắt nhanh hơn mọi người quanh bạn.
tuan,tong_quan,aquarius,11,"Cuối tuần gặp nhóm bạn cũ. Bạn tưởng mình không cần, nhưng gặp xong sẽ thấy khác."
tuan,tong_quan,pisces,6,"Đầu tuần bạn nhận lời một việc vì nể. Rút lời trong hai ngày đầu thì còn dễ, để tới cuối tuần thì không."
tuan,tong_quan,pisces,7,Tuần này có chuyện tiền cần bạn tỉnh táo. Hỏi một người thực tế trước khi quyết.
tuan,tong_quan,pisces,8,"Giữa tuần bạn buồn không rõ lý do. Đừng đi tìm lý do, nó thường chỉ là mệt."
tuan,tong_quan,pisces,9,"Có người kể cho bạn nghe chuyện nặng của họ. Nghe xong nhớ rũ ra, đừng ôm luôn phần của họ."
tuan,tong_quan,pisces,10,"Tuần hợp để làm thứ sáng tạo, hoặc để ở gần nước. Hai thứ đó nạp lại pin cho bạn."
tuan,tong_quan,pisces,11,Cuối tuần nói rõ một chuyện bạn vẫn nói vòng. Người ta sẽ nhẹ nhõm chứ không giận.
